-- phpMyAdmin SQL Dump
-- version 4.5.4.1deb2ubuntu2.1
-- http://www.phpmyadmin.net
--
-- Host: localhost
-- Generation Time: Sep 12, 2018 at 05:26 PM
-- Server version: 5.7.23-0ubuntu0.16.04.1
-- PHP Version: 7.0.30-0ubuntu0.16.04.1

SET SQL_MODE = "NO_AUTO_VALUE_ON_ZERO";
SET time_zone = "+00:00";


/*!40101 SET @OLD_CHARACTER_SET_CLIENT=@@CHARACTER_SET_CLIENT */;
/*!40101 SET @OLD_CHARACTER_SET_RESULTS=@@CHARACTER_SET_RESULTS */;
/*!40101 SET @OLD_COLLATION_CONNECTION=@@COLLATION_CONNECTION */;
/*!40101 SET NAMES utf8mb4 */;

--
-- Database: `videos`
--

-- --------------------------------------------------------

--
-- Table structure for table `admin`
--

CREATE TABLE `admin` (
  `id` int(11) NOT NULL,
  `username` varchar(255) NOT NULL,
  `password` varchar(255) NOT NULL,
  `last_login` varchar(255) NOT NULL,
  `access_token` varchar(255) NOT NULL
) ENGINE=InnoDB DEFAULT CHARSET=latin1;

--
-- Dumping data for table `admin`
--

INSERT INTO `admin` (`id`, `username`, `password`, `last_login`, `access_token`) VALUES
(1, 'admin', 'e6e061838856bf47e1de730719fb2609', '', '3f9152abd7b54c6a8bc721da71d0d786'),
(3, 'admin1', 'ea14bad49556d3c2df116f775de7bf1a', '', '80c06bfd31044727a5b45436e5bb12e9');

-- --------------------------------------------------------

--
-- Table structure for table `instruction_set`
--

CREATE TABLE `instruction_set` (
  `id` int(11) NOT NULL,
  `instruction_name` varchar(200) NOT NULL,
  `uploaded_by` varchar(200) NOT NULL,
  `created_at` timestamp NOT NULL DEFAULT CURRENT_TIMESTAMP,
  `created_from` timestamp NOT NULL DEFAULT CURRENT_TIMESTAMP ON UPDATE CURRENT_TIMESTAMP,
  `status` varchar(100) NOT NULL
) ENGINE=InnoDB DEFAULT CHARSET=latin1;

--
-- Dumping data for table `instruction_set`
--

INSERT INTO `instruction_set` (`id`, `instruction_name`, `uploaded_by`, `created_at`, `created_from`, `status`) VALUES
(94, 'myname', 'admin', '2018-09-12 06:16:09', '2018-09-12 06:16:09', 'Finished'),
(95, 'hhd', 'admin', '2018-09-12 06:57:07', '2018-09-12 06:57:07', 'Finished'),
(96, 'jxhd', 'admin', '2018-09-12 07:38:52', '2018-09-12 07:38:52', 'Finished'),
(97, 'jfhfhhd', 'admin', '2018-09-12 07:39:07', '2018-09-12 07:39:07', 'Finished'),
(98, 'testing1', 'admin', '2018-09-12 08:02:34', '2018-09-12 08:02:34', 'Finished');

-- --------------------------------------------------------

--
-- Table structure for table `train`
--

CREATE TABLE `train` (
  `id` int(11) NOT NULL,
  `instruction_id` varchar(255) NOT NULL,
  `instruction_name` varchar(255) NOT NULL,
  `status` varchar(255) NOT NULL,
  `kill_id` varchar(255) NOT NULL,
  `dis` varchar(255) NOT NULL
) ENGINE=InnoDB DEFAULT CHARSET=latin1;

--
-- Dumping data for table `train`
--

INSERT INTO `train` (`id`, `instruction_id`, `instruction_name`, `status`, `kill_id`, `dis`) VALUES
(94, '94', 'myname', 'NOT', '', 'stop'),
(95, '95', 'hhd', 'NOT', '', 'stop'),
(96, '96', 'jxhd', 'NOT', '', 'stop'),
(97, '97', 'jfhfhhd', 'NOT', '', 'stop'),
(98, '98', 'testing1', 'NOT', '', 'stop');

-- --------------------------------------------------------

--
-- Table structure for table `training_images`
--

CREATE TABLE `training_images` (
  `id` int(11) NOT NULL,
  `instruction_id` int(11) NOT NULL,
  `video_id` int(11) NOT NULL,
  `image_path` varchar(200) NOT NULL,
  `label_name` varchar(200) NOT NULL,
  `order_n` varchar(200) NOT NULL,
  `created_at` timestamp NOT NULL DEFAULT CURRENT_TIMESTAMP,
  `created_from` timestamp NOT NULL DEFAULT CURRENT_TIMESTAMP ON UPDATE CURRENT_TIMESTAMP,
  `status` varchar(100) NOT NULL
) ENGINE=InnoDB DEFAULT CHARSET=latin1;

--
-- Dumping data for table `training_images`
--

INSERT INTO `training_images` (`id`, `instruction_id`, `video_id`, `image_path`, `label_name`, `order_n`, `created_at`, `created_from`, `status`) VALUES
(11668, 94, 62, '94_1_0001.jpg', '94_1_0001', '1', '2018-09-12 06:16:10', '2018-09-12 06:16:10', 'Finished'),
(11669, 94, 62, '94_1_0002.jpg', '94_1_0002', '1', '2018-09-12 06:16:10', '2018-09-12 06:16:10', 'Finished'),
(11670, 94, 62, '94_1_0003.jpg', '94_1_0003', '1', '2018-09-12 06:16:10', '2018-09-12 06:16:10', 'Finished'),
(11671, 94, 62, '94_1_0004.jpg', '94_1_0004', '1', '2018-09-12 06:16:10', '2018-09-12 06:16:10', 'Finished'),
(11672, 94, 62, '94_1_0005.jpg', '94_1_0005', '1', '2018-09-12 06:16:10', '2018-09-12 06:16:10', 'Finished'),
(11673, 94, 62, '94_1_0006.jpg', '94_1_0006', '1', '2018-09-12 06:16:10', '2018-09-12 06:16:10', 'Finished'),
(11674, 94, 62, '94_1_0007.jpg', '94_1_0007', '1', '2018-09-12 06:16:10', '2018-09-12 06:16:10', 'Finished'),
(11675, 94, 62, '94_1_0008.jpg', '94_1_0008', '1', '2018-09-12 06:16:10', '2018-09-12 06:16:10', 'Finished'),
(11676, 94, 62, '94_1_0009.jpg', '94_1_0009', '1', '2018-09-12 06:16:10', '2018-09-12 06:16:10', 'Finished'),
(11677, 94, 62, '94_1_0010.jpg', '94_1_0010', '1', '2018-09-12 06:16:10', '2018-09-12 06:16:10', 'Finished'),
(11678, 94, 62, '94_1_0011.jpg', '94_1_0011', '1', '2018-09-12 06:16:10', '2018-09-12 06:16:10', 'Finished'),
(11679, 94, 62, '94_1_0012.jpg', '94_1_0012', '1', '2018-09-12 06:16:10', '2018-09-12 06:16:10', 'Finished'),
(11680, 94, 62, '94_1_0013.jpg', '94_1_0013', '1', '2018-09-12 06:16:10', '2018-09-12 06:16:10', 'Finished'),
(11681, 94, 62, '94_1_0014.jpg', '94_1_0014', '1', '2018-09-12 06:16:11', '2018-09-12 06:16:11', 'Finished'),
(11682, 94, 62, '94_1_0015.jpg', '94_1_0015', '1', '2018-09-12 06:16:11', '2018-09-12 06:16:11', 'Finished'),
(11683, 94, 62, '94_1_0016.jpg', '94_1_0016', '1', '2018-09-12 06:16:11', '2018-09-12 06:16:11', 'Finished'),
(11684, 94, 62, '94_1_0017.jpg', '94_1_0017', '1', '2018-09-12 06:16:11', '2018-09-12 06:16:11', 'Finished'),
(11685, 94, 62, '94_1_0018.jpg', '94_1_0018', '1', '2018-09-12 06:16:11', '2018-09-12 06:16:11', 'Finished'),
(11686, 94, 62, '94_1_0019.jpg', '94_1_0019', '1', '2018-09-12 06:16:11', '2018-09-12 06:16:11', 'Finished'),
(11687, 94, 62, '94_1_0020.jpg', '94_1_0020', '1', '2018-09-12 06:16:11', '2018-09-12 06:16:11', 'Finished'),
(11688, 94, 62, '94_1_0021.jpg', '94_1_0021', '1', '2018-09-12 06:16:11', '2018-09-12 06:16:11', 'Finished'),
(11689, 94, 62, '94_1_0022.jpg', '94_1_0022', '1', '2018-09-12 06:16:11', '2018-09-12 06:16:11', 'Finished'),
(11690, 94, 62, '94_1_0023.jpg', '94_1_0023', '1', '2018-09-12 06:16:11', '2018-09-12 06:16:11', 'Finished'),
(11691, 94, 62, '94_1_0024.jpg', '94_1_0024', '1', '2018-09-12 06:16:11', '2018-09-12 06:16:11', 'Finished'),
(11692, 94, 62, '94_1_0025.jpg', '94_1_0025', '1', '2018-09-12 06:16:11', '2018-09-12 06:16:11', 'Finished'),
(11693, 94, 62, '94_1_0026.jpg', '94_1_0026', '1', '2018-09-12 06:16:11', '2018-09-12 06:16:11', 'Finished'),
(11694, 94, 62, '94_1_0027.jpg', '94_1_0027', '1', '2018-09-12 06:16:11', '2018-09-12 06:16:11', 'Finished'),
(11695, 94, 62, '94_1_0028.jpg', '94_1_0028', '1', '2018-09-12 06:16:11', '2018-09-12 06:16:11', 'Finished'),
(11696, 94, 62, '94_1_0029.jpg', '94_1_0029', '1', '2018-09-12 06:16:11', '2018-09-12 06:16:11', 'Finished'),
(11697, 94, 62, '94_1_0030.jpg', '94_1_0030', '1', '2018-09-12 06:16:11', '2018-09-12 06:16:11', 'Finished'),
(11698, 94, 62, '94_1_0031.jpg', '94_1_0031', '1', '2018-09-12 06:16:11', '2018-09-12 06:16:11', 'Finished'),
(11699, 94, 62, '94_1_0032.jpg', '94_1_0032', '1', '2018-09-12 06:16:11', '2018-09-12 06:16:11', 'Finished'),
(11700, 94, 62, '94_1_0033.jpg', '94_1_0033', '1', '2018-09-12 06:16:11', '2018-09-12 06:16:11', 'Finished'),
(11701, 94, 62, '94_1_0034.jpg', '94_1_0034', '1', '2018-09-12 06:16:11', '2018-09-12 06:16:11', 'Finished'),
(11702, 94, 62, '94_1_0035.jpg', '94_1_0035', '1', '2018-09-12 06:16:11', '2018-09-12 06:16:11', 'Finished'),
(11703, 94, 62, '94_1_0036.jpg', '94_1_0036', '1', '2018-09-12 06:16:11', '2018-09-12 06:16:11', 'Finished'),
(11704, 94, 62, '94_1_0037.jpg', '94_1_0037', '1', '2018-09-12 06:16:11', '2018-09-12 06:16:11', 'Finished'),
(11705, 94, 62, '94_1_0038.jpg', '94_1_0038', '1', '2018-09-12 06:16:11', '2018-09-12 06:16:11', 'Finished'),
(11706, 94, 62, '94_1_0039.jpg', '94_1_0039', '1', '2018-09-12 06:16:11', '2018-09-12 06:16:11', 'Finished'),
(11707, 94, 62, '94_1_0040.jpg', '94_1_0040', '1', '2018-09-12 06:16:11', '2018-09-12 06:16:11', 'Finished'),
(11708, 94, 62, '94_1_0041.jpg', '94_1_0041', '1', '2018-09-12 06:16:11', '2018-09-12 06:16:11', 'Finished'),
(11709, 94, 62, '94_1_0042.jpg', '94_1_0042', '1', '2018-09-12 06:16:12', '2018-09-12 06:16:12', 'Finished'),
(11710, 94, 62, '94_1_0043.jpg', '94_1_0043', '1', '2018-09-12 06:16:12', '2018-09-12 06:16:12', 'Finished'),
(11711, 94, 62, '94_1_0044.jpg', '94_1_0044', '1', '2018-09-12 06:16:12', '2018-09-12 06:16:12', 'Finished'),
(11712, 94, 62, '94_1_0045.jpg', '94_1_0045', '1', '2018-09-12 06:16:12', '2018-09-12 06:16:12', 'Finished'),
(11713, 94, 62, '94_1_0046.jpg', '94_1_0046', '1', '2018-09-12 06:16:12', '2018-09-12 06:16:12', 'Finished'),
(11714, 94, 62, '94_1_0047.jpg', '94_1_0047', '1', '2018-09-12 06:16:12', '2018-09-12 06:16:12', 'Finished'),
(11715, 94, 62, '94_1_0048.jpg', '94_1_0048', '1', '2018-09-12 06:16:12', '2018-09-12 06:16:12', 'Finished'),
(11716, 94, 62, '94_1_0049.jpg', '94_1_0049', '1', '2018-09-12 06:16:12', '2018-09-12 06:16:12', 'Finished'),
(11717, 94, 62, '94_1_0050.jpg', '94_1_0050', '1', '2018-09-12 06:16:12', '2018-09-12 06:16:12', 'Finished'),
(11718, 94, 62, '94_1_0051.jpg', '94_1_0051', '1', '2018-09-12 06:16:12', '2018-09-12 06:16:12', 'Finished'),
(11719, 94, 62, '94_1_0052.jpg', '94_1_0052', '1', '2018-09-12 06:16:12', '2018-09-12 06:16:12', 'Finished'),
(11720, 94, 62, '94_1_0053.jpg', '94_1_0053', '1', '2018-09-12 06:16:12', '2018-09-12 06:16:12', 'Finished'),
(11721, 94, 62, '94_1_0054.jpg', '94_1_0054', '1', '2018-09-12 06:16:12', '2018-09-12 06:16:12', 'Finished'),
(11722, 94, 62, '94_1_0055.jpg', '94_1_0055', '1', '2018-09-12 06:16:12', '2018-09-12 06:16:12', 'Finished'),
(11723, 94, 62, '94_1_0056.jpg', '94_1_0056', '1', '2018-09-12 06:16:12', '2018-09-12 06:16:12', 'Finished'),
(11724, 94, 62, '94_1_0057.jpg', '94_1_0057', '1', '2018-09-12 06:16:12', '2018-09-12 06:16:12', 'Finished'),
(11725, 94, 62, '94_1_0058.jpg', '94_1_0058', '1', '2018-09-12 06:16:12', '2018-09-12 06:16:12', 'Finished'),
(11726, 94, 62, '94_1_0059.jpg', '94_1_0059', '1', '2018-09-12 06:16:12', '2018-09-12 06:16:12', 'Finished'),
(11727, 94, 62, '94_1_0060.jpg', '94_1_0060', '1', '2018-09-12 06:16:12', '2018-09-12 06:16:12', 'Finished'),
(11728, 94, 62, '94_1_0061.jpg', '94_1_0061', '1', '2018-09-12 06:16:12', '2018-09-12 06:16:12', 'Finished'),
(11729, 94, 62, '94_1_0062.jpg', '94_1_0062', '1', '2018-09-12 06:16:12', '2018-09-12 06:16:12', 'Finished'),
(11730, 94, 62, '94_1_0063.jpg', '94_1_0063', '1', '2018-09-12 06:16:12', '2018-09-12 06:16:12', 'Finished'),
(11731, 94, 62, '94_1_0064.jpg', '94_1_0064', '1', '2018-09-12 06:16:12', '2018-09-12 06:16:12', 'Finished'),
(11732, 94, 62, '94_1_0065.jpg', '94_1_0065', '1', '2018-09-12 06:16:12', '2018-09-12 06:16:12', 'Finished'),
(11733, 94, 62, '94_1_0066.jpg', '94_1_0066', '1', '2018-09-12 06:16:12', '2018-09-12 06:16:12', 'Finished'),
(11734, 94, 62, '94_1_0067.jpg', '94_1_0067', '1', '2018-09-12 06:16:12', '2018-09-12 06:16:12', 'Finished'),
(11735, 94, 62, '94_1_0068.jpg', '94_1_0068', '1', '2018-09-12 06:16:12', '2018-09-12 06:16:12', 'Finished'),
(11736, 94, 62, '94_1_0069.jpg', '94_1_0069', '1', '2018-09-12 06:16:12', '2018-09-12 06:16:12', 'Finished'),
(11737, 94, 62, '94_1_0070.jpg', '94_1_0070', '1', '2018-09-12 06:16:12', '2018-09-12 06:16:12', 'Finished'),
(11738, 94, 62, '94_1_0071.jpg', '94_1_0071', '1', '2018-09-12 06:16:12', '2018-09-12 06:16:12', 'Finished'),
(11739, 94, 62, '94_1_0072.jpg', '94_1_0072', '1', '2018-09-12 06:16:13', '2018-09-12 06:16:13', 'Finished'),
(11740, 94, 62, '94_1_0073.jpg', '94_1_0073', '1', '2018-09-12 06:16:13', '2018-09-12 06:16:13', 'Finished'),
(11741, 94, 62, '94_1_0074.jpg', '94_1_0074', '1', '2018-09-12 06:16:13', '2018-09-12 06:16:13', 'Finished'),
(11742, 94, 62, '94_1_0075.jpg', '94_1_0075', '1', '2018-09-12 06:16:13', '2018-09-12 06:16:13', 'Finished'),
(11743, 94, 62, '94_1_0076.jpg', '94_1_0076', '1', '2018-09-12 06:16:13', '2018-09-12 06:16:13', 'Finished'),
(11744, 94, 62, '94_1_0077.jpg', '94_1_0077', '1', '2018-09-12 06:16:13', '2018-09-12 06:16:13', 'Finished'),
(11745, 94, 62, '94_1_0078.jpg', '94_1_0078', '1', '2018-09-12 06:16:13', '2018-09-12 06:16:13', 'Finished'),
(11746, 94, 62, '94_1_0079.jpg', '94_1_0079', '1', '2018-09-12 06:16:13', '2018-09-12 06:16:13', 'Finished'),
(11747, 94, 62, '94_1_0080.jpg', '94_1_0080', '1', '2018-09-12 06:16:13', '2018-09-12 06:16:13', 'Finished'),
(11748, 94, 62, '94_1_0081.jpg', '94_1_0081', '1', '2018-09-12 06:16:13', '2018-09-12 06:16:13', 'Finished'),
(11749, 94, 62, '94_1_0082.jpg', '94_1_0082', '1', '2018-09-12 06:16:13', '2018-09-12 06:16:13', 'Finished'),
(11750, 94, 62, '94_1_0083.jpg', '94_1_0083', '1', '2018-09-12 06:16:13', '2018-09-12 06:16:13', 'Finished'),
(11751, 94, 62, '94_1_0084.jpg', '94_1_0084', '1', '2018-09-12 06:16:13', '2018-09-12 06:16:13', 'Finished'),
(11752, 94, 62, '94_1_0085.jpg', '94_1_0085', '1', '2018-09-12 06:16:13', '2018-09-12 06:16:13', 'Finished'),
(11753, 94, 62, '94_1_0086.jpg', '94_1_0086', '1', '2018-09-12 06:16:13', '2018-09-12 06:16:13', 'Finished'),
(11754, 94, 62, '94_1_0087.jpg', '94_1_0087', '1', '2018-09-12 06:16:13', '2018-09-12 06:16:13', 'Finished'),
(11755, 94, 62, '94_1_0088.jpg', '94_1_0088', '1', '2018-09-12 06:16:13', '2018-09-12 06:16:13', 'Finished'),
(11756, 94, 62, '94_1_0089.jpg', '94_1_0089', '1', '2018-09-12 06:16:13', '2018-09-12 06:16:13', 'Finished'),
(11757, 94, 62, '94_1_0090.jpg', '94_1_0090', '1', '2018-09-12 06:16:13', '2018-09-12 06:16:13', 'Finished'),
(11758, 94, 62, '94_1_0091.jpg', '94_1_0091', '1', '2018-09-12 06:16:13', '2018-09-12 06:16:13', 'Finished'),
(11759, 94, 62, '94_1_0092.jpg', '94_1_0092', '1', '2018-09-12 06:16:13', '2018-09-12 06:16:13', 'Finished'),
(11760, 94, 62, '94_1_0093.jpg', '94_1_0093', '1', '2018-09-12 06:16:13', '2018-09-12 06:16:13', 'Finished'),
(11761, 94, 62, '94_1_0094.jpg', '94_1_0094', '1', '2018-09-12 06:16:13', '2018-09-12 06:16:13', 'Finished'),
(11762, 94, 62, '94_1_0095.jpg', '94_1_0095', '1', '2018-09-12 06:16:13', '2018-09-12 06:16:13', 'Finished'),
(11763, 94, 62, '94_1_0096.jpg', '94_1_0096', '1', '2018-09-12 06:16:13', '2018-09-12 06:16:13', 'Finished'),
(11764, 94, 62, '94_1_0097.jpg', '94_1_0097', '1', '2018-09-12 06:16:13', '2018-09-12 06:16:13', 'Finished'),
(11765, 94, 62, '94_1_0098.jpg', '94_1_0098', '1', '2018-09-12 06:16:13', '2018-09-12 06:16:13', 'Finished'),
(11766, 94, 62, '94_1_0099.jpg', '94_1_0099', '1', '2018-09-12 06:16:13', '2018-09-12 06:16:13', 'Finished'),
(11767, 94, 62, '94_1_0100.jpg', '94_1_0100', '1', '2018-09-12 06:16:13', '2018-09-12 06:16:13', 'Finished'),
(11768, 94, 62, '94_1_0101.jpg', '94_1_0101', '1', '2018-09-12 06:16:13', '2018-09-12 06:16:13', 'Finished'),
(11769, 94, 62, '94_1_0102.jpg', '94_1_0102', '1', '2018-09-12 06:16:13', '2018-09-12 06:16:13', 'Finished'),
(11770, 94, 62, '94_1_0103.jpg', '94_1_0103', '1', '2018-09-12 06:16:13', '2018-09-12 06:16:13', 'Finished'),
(11771, 94, 62, '94_1_0104.jpg', '94_1_0104', '1', '2018-09-12 06:16:13', '2018-09-12 06:16:13', 'Finished'),
(11772, 94, 62, '94_1_0105.jpg', '94_1_0105', '1', '2018-09-12 06:16:13', '2018-09-12 06:16:13', 'Finished'),
(11773, 94, 62, '94_1_0106.jpg', '94_1_0106', '1', '2018-09-12 06:16:13', '2018-09-12 06:16:13', 'Finished'),
(11774, 94, 62, '94_1_0107.jpg', '94_1_0107', '1', '2018-09-12 06:16:13', '2018-09-12 06:16:13', 'Finished'),
(11775, 94, 62, '94_1_0108.jpg', '94_1_0108', '1', '2018-09-12 06:16:13', '2018-09-12 06:16:13', 'Finished'),
(11776, 94, 62, '94_1_0109.jpg', '94_1_0109', '1', '2018-09-12 06:16:13', '2018-09-12 06:16:13', 'Finished'),
(11777, 94, 62, '94_1_0110.jpg', '94_1_0110', '1', '2018-09-12 06:16:13', '2018-09-12 06:16:13', 'Finished'),
(11778, 94, 62, '94_1_0111.jpg', '94_1_0111', '1', '2018-09-12 06:16:13', '2018-09-12 06:16:13', 'Finished'),
(11779, 94, 62, '94_1_0112.jpg', '94_1_0112', '1', '2018-09-12 06:16:14', '2018-09-12 06:16:14', 'Finished'),
(11780, 94, 62, '94_1_0113.jpg', '94_1_0113', '1', '2018-09-12 06:16:14', '2018-09-12 06:16:14', 'Finished'),
(11781, 94, 62, '94_1_0114.jpg', '94_1_0114', '1', '2018-09-12 06:16:14', '2018-09-12 06:16:14', 'Finished'),
(11782, 94, 62, '94_1_0115.jpg', '94_1_0115', '1', '2018-09-12 06:16:14', '2018-09-12 06:16:14', 'Finished'),
(11783, 94, 62, '94_1_0116.jpg', '94_1_0116', '1', '2018-09-12 06:16:14', '2018-09-12 06:16:14', 'Finished'),
(11784, 94, 62, '94_1_0117.jpg', '94_1_0117', '1', '2018-09-12 06:16:14', '2018-09-12 06:16:14', 'Finished'),
(11785, 94, 62, '94_1_0118.jpg', '94_1_0118', '1', '2018-09-12 06:16:14', '2018-09-12 06:16:14', 'Finished'),
(11786, 94, 62, '94_1_0119.jpg', '94_1_0119', '1', '2018-09-12 06:16:14', '2018-09-12 06:16:14', 'Finished'),
(11787, 94, 62, '94_1_0120.jpg', '94_1_0120', '1', '2018-09-12 06:16:14', '2018-09-12 06:16:14', 'Finished'),
(11788, 94, 62, '94_1_0121.jpg', '94_1_0121', '1', '2018-09-12 06:16:14', '2018-09-12 06:16:14', 'Finished'),
(11789, 94, 62, '94_1_0122.jpg', '94_1_0122', '1', '2018-09-12 06:16:14', '2018-09-12 06:16:14', 'Finished'),
(11790, 94, 62, '94_1_0123.jpg', '94_1_0123', '1', '2018-09-12 06:16:14', '2018-09-12 06:16:14', 'Finished'),
(11791, 94, 62, '94_1_0124.jpg', '94_1_0124', '1', '2018-09-12 06:16:14', '2018-09-12 06:16:14', 'Finished'),
(11792, 94, 62, '94_1_0125.jpg', '94_1_0125', '1', '2018-09-12 06:16:14', '2018-09-12 06:16:14', 'Finished'),
(11793, 94, 62, '94_1_0126.jpg', '94_1_0126', '1', '2018-09-12 06:16:14', '2018-09-12 06:16:14', 'Finished'),
(11794, 94, 62, '94_1_0127.jpg', '94_1_0127', '1', '2018-09-12 06:16:14', '2018-09-12 06:16:14', 'Finished'),
(11795, 94, 62, '94_1_0128.jpg', '94_1_0128', '1', '2018-09-12 06:16:14', '2018-09-12 06:16:14', 'Finished'),
(11796, 94, 62, '94_1_0129.jpg', '94_1_0129', '1', '2018-09-12 06:16:14', '2018-09-12 06:16:14', 'Finished'),
(11797, 94, 62, '94_1_0130.jpg', '94_1_0130', '1', '2018-09-12 06:16:14', '2018-09-12 06:16:14', 'Finished'),
(11798, 94, 62, '94_1_0131.jpg', '94_1_0131', '1', '2018-09-12 06:16:14', '2018-09-12 06:16:14', 'Finished'),
(11799, 94, 62, '94_1_0132.jpg', '94_1_0132', '1', '2018-09-12 06:16:14', '2018-09-12 06:16:14', 'Finished'),
(11800, 94, 62, '94_1_0133.jpg', '94_1_0133', '1', '2018-09-12 06:16:14', '2018-09-12 06:16:14', 'Finished'),
(11801, 94, 62, '94_1_0134.jpg', '94_1_0134', '1', '2018-09-12 06:16:14', '2018-09-12 06:16:14', 'Finished'),
(11802, 94, 62, '94_1_0135.jpg', '94_1_0135', '1', '2018-09-12 06:16:14', '2018-09-12 06:16:14', 'Finished'),
(11803, 94, 62, '94_1_0136.jpg', '94_1_0136', '1', '2018-09-12 06:16:14', '2018-09-12 06:16:14', 'Finished'),
(11804, 94, 62, '94_1_0137.jpg', '94_1_0137', '1', '2018-09-12 06:16:14', '2018-09-12 06:16:14', 'Finished'),
(11805, 94, 62, '94_1_0138.jpg', '94_1_0138', '1', '2018-09-12 06:16:14', '2018-09-12 06:16:14', 'Finished'),
(11806, 94, 62, '94_1_0139.jpg', '94_1_0139', '1', '2018-09-12 06:16:14', '2018-09-12 06:16:14', 'Finished'),
(11807, 94, 62, '94_1_0140.jpg', '94_1_0140', '1', '2018-09-12 06:16:14', '2018-09-12 06:16:14', 'Finished'),
(11808, 94, 62, '94_1_0141.jpg', '94_1_0141', '1', '2018-09-12 06:16:14', '2018-09-12 06:16:14', 'Finished'),
(11809, 94, 62, '94_1_0142.jpg', '94_1_0142', '1', '2018-09-12 06:16:14', '2018-09-12 06:16:14', 'Finished'),
(11810, 94, 62, '94_1_0143.jpg', '94_1_0143', '1', '2018-09-12 06:16:14', '2018-09-12 06:16:14', 'Finished'),
(11811, 94, 62, '94_1_0144.jpg', '94_1_0144', '1', '2018-09-12 06:16:14', '2018-09-12 06:16:14', 'Finished'),
(11812, 94, 62, '94_1_0145.jpg', '94_1_0145', '1', '2018-09-12 06:16:14', '2018-09-12 06:16:14', 'Finished'),
(11813, 94, 62, '94_1_0146.jpg', '94_1_0146', '1', '2018-09-12 06:16:14', '2018-09-12 06:16:14', 'Finished'),
(11814, 94, 62, '94_1_0147.jpg', '94_1_0147', '1', '2018-09-12 06:16:14', '2018-09-12 06:16:14', 'Finished'),
(11815, 94, 62, '94_1_0148.jpg', '94_1_0148', '1', '2018-09-12 06:16:14', '2018-09-12 06:16:14', 'Finished'),
(11816, 94, 62, '94_1_0149.jpg', '94_1_0149', '1', '2018-09-12 06:16:14', '2018-09-12 06:16:14', 'Finished'),
(11817, 94, 62, '94_1_0150.jpg', '94_1_0150', '1', '2018-09-12 06:16:14', '2018-09-12 06:16:14', 'Finished'),
(11818, 94, 62, '94_1_0151.jpg', '94_1_0151', '1', '2018-09-12 06:16:14', '2018-09-12 06:16:14', 'Finished'),
(11819, 94, 62, '94_1_0152.jpg', '94_1_0152', '1', '2018-09-12 06:16:14', '2018-09-12 06:16:14', 'Finished'),
(11820, 94, 62, '94_1_0153.jpg', '94_1_0153', '1', '2018-09-12 06:16:14', '2018-09-12 06:16:14', 'Finished'),
(11821, 94, 62, '94_1_0154.jpg', '94_1_0154', '1', '2018-09-12 06:16:14', '2018-09-12 06:16:14', 'Finished'),
(11822, 94, 62, '94_1_0155.jpg', '94_1_0155', '1', '2018-09-12 06:16:14', '2018-09-12 06:16:14', 'Finished'),
(11823, 94, 62, '94_1_0156.jpg', '94_1_0156', '1', '2018-09-12 06:16:14', '2018-09-12 06:16:14', 'Finished'),
(11824, 94, 62, '94_1_0157.jpg', '94_1_0157', '1', '2018-09-12 06:16:14', '2018-09-12 06:16:14', 'Finished'),
(11825, 94, 62, '94_1_0158.jpg', '94_1_0158', '1', '2018-09-12 06:16:14', '2018-09-12 06:16:14', 'Finished'),
(11826, 94, 62, '94_1_0159.jpg', '94_1_0159', '1', '2018-09-12 06:16:14', '2018-09-12 06:16:14', 'Finished'),
(11827, 94, 62, '94_1_0160.jpg', '94_1_0160', '1', '2018-09-12 06:16:14', '2018-09-12 06:16:14', 'Finished'),
(11828, 94, 62, '94_1_0161.jpg', '94_1_0161', '1', '2018-09-12 06:16:14', '2018-09-12 06:16:14', 'Finished'),
(11829, 94, 62, '94_1_0162.jpg', '94_1_0162', '1', '2018-09-12 06:16:15', '2018-09-12 06:16:15', 'Finished'),
(11830, 94, 62, '94_1_0163.jpg', '94_1_0163', '1', '2018-09-12 06:16:15', '2018-09-12 06:16:15', 'Finished'),
(11831, 94, 62, '94_1_0164.jpg', '94_1_0164', '1', '2018-09-12 06:16:15', '2018-09-12 06:16:15', 'Finished'),
(11832, 94, 62, '94_1_0165.jpg', '94_1_0165', '1', '2018-09-12 06:16:15', '2018-09-12 06:16:15', 'Finished'),
(11833, 94, 62, '94_1_0166.jpg', '94_1_0166', '1', '2018-09-12 06:16:15', '2018-09-12 06:16:15', 'Finished'),
(11834, 94, 62, '94_1_0167.jpg', '94_1_0167', '1', '2018-09-12 06:16:15', '2018-09-12 06:16:15', 'Finished'),
(11835, 94, 62, '94_1_0168.jpg', '94_1_0168', '1', '2018-09-12 06:16:15', '2018-09-12 06:16:15', 'Finished'),
(11836, 94, 62, '94_1_0169.jpg', '94_1_0169', '1', '2018-09-12 06:16:15', '2018-09-12 06:16:15', 'Finished'),
(11837, 94, 62, '94_1_0170.jpg', '94_1_0170', '1', '2018-09-12 06:16:15', '2018-09-12 06:16:15', 'Finished'),
(11838, 94, 62, '94_1_0171.jpg', '94_1_0171', '1', '2018-09-12 06:16:15', '2018-09-12 06:16:15', 'Finished'),
(11839, 94, 62, '94_1_0172.jpg', '94_1_0172', '1', '2018-09-12 06:16:15', '2018-09-12 06:16:15', 'Finished'),
(11840, 94, 62, '94_1_0173.jpg', '94_1_0173', '1', '2018-09-12 06:16:15', '2018-09-12 06:16:15', 'Finished'),
(11841, 94, 62, '94_1_0174.jpg', '94_1_0174', '1', '2018-09-12 06:16:15', '2018-09-12 06:16:15', 'Finished'),
(11842, 94, 62, '94_1_0175.jpg', '94_1_0175', '1', '2018-09-12 06:16:15', '2018-09-12 06:16:15', 'Finished'),
(11843, 94, 62, '94_1_0176.jpg', '94_1_0176', '1', '2018-09-12 06:16:15', '2018-09-12 06:16:15', 'Finished'),
(11844, 94, 62, '94_1_0177.jpg', '94_1_0177', '1', '2018-09-12 06:16:15', '2018-09-12 06:16:15', 'Finished'),
(11845, 94, 62, '94_1_0178.jpg', '94_1_0178', '1', '2018-09-12 06:16:15', '2018-09-12 06:16:15', 'Finished'),
(11846, 94, 62, '94_1_0179.jpg', '94_1_0179', '1', '2018-09-12 06:16:15', '2018-09-12 06:16:15', 'Finished'),
(11847, 94, 62, '94_1_0180.jpg', '94_1_0180', '1', '2018-09-12 06:16:15', '2018-09-12 06:16:15', 'Finished'),
(11848, 94, 62, '94_1_0181.jpg', '94_1_0181', '1', '2018-09-12 06:16:15', '2018-09-12 06:16:15', 'Finished'),
(11849, 94, 62, '94_1_0182.jpg', '94_1_0182', '1', '2018-09-12 06:16:15', '2018-09-12 06:16:15', 'Finished'),
(11850, 94, 62, '94_1_0183.jpg', '94_1_0183', '1', '2018-09-12 06:16:15', '2018-09-12 06:16:15', 'Finished'),
(11851, 94, 62, '94_1_0184.jpg', '94_1_0184', '1', '2018-09-12 06:16:15', '2018-09-12 06:16:15', 'Finished'),
(11852, 94, 62, '94_1_0185.jpg', '94_1_0185', '1', '2018-09-12 06:16:15', '2018-09-12 06:16:15', 'Finished'),
(11853, 94, 62, '94_1_0186.jpg', '94_1_0186', '1', '2018-09-12 06:16:15', '2018-09-12 06:16:15', 'Finished'),
(11854, 94, 62, '94_1_0187.jpg', '94_1_0187', '1', '2018-09-12 06:16:15', '2018-09-12 06:16:15', 'Finished'),
(11855, 94, 62, '94_1_0188.jpg', '94_1_0188', '1', '2018-09-12 06:16:15', '2018-09-12 06:16:15', 'Finished'),
(11856, 94, 62, '94_1_0189.jpg', '94_1_0189', '1', '2018-09-12 06:16:15', '2018-09-12 06:16:15', 'Finished'),
(11857, 94, 62, '94_1_0190.jpg', '94_1_0190', '1', '2018-09-12 06:16:15', '2018-09-12 06:16:15', 'Finished'),
(11858, 94, 62, '94_1_0191.jpg', '94_1_0191', '1', '2018-09-12 06:16:15', '2018-09-12 06:16:15', 'Finished'),
(11859, 94, 62, '94_1_0192.jpg', '94_1_0192', '1', '2018-09-12 06:16:15', '2018-09-12 06:16:15', 'Finished'),
(11860, 94, 62, '94_1_0193.jpg', '94_1_0193', '1', '2018-09-12 06:16:15', '2018-09-12 06:16:15', 'Finished'),
(11861, 94, 62, '94_1_0194.jpg', '94_1_0194', '1', '2018-09-12 06:16:15', '2018-09-12 06:16:15', 'Finished'),
(11862, 94, 62, '94_1_0195.jpg', '94_1_0195', '1', '2018-09-12 06:16:15', '2018-09-12 06:16:15', 'Finished'),
(11863, 94, 62, '94_1_0196.jpg', '94_1_0196', '1', '2018-09-12 06:16:15', '2018-09-12 06:16:15', 'Finished'),
(11864, 94, 62, '94_1_0197.jpg', '94_1_0197', '1', '2018-09-12 06:16:15', '2018-09-12 06:16:15', 'Finished'),
(11865, 94, 62, '94_1_0198.jpg', '94_1_0198', '1', '2018-09-12 06:16:15', '2018-09-12 06:16:15', 'Finished'),
(11866, 94, 62, '94_1_0199.jpg', '94_1_0199', '1', '2018-09-12 06:16:15', '2018-09-12 06:16:15', 'Finished'),
(11867, 94, 62, '94_1_0200.jpg', '94_1_0200', '1', '2018-09-12 06:16:15', '2018-09-12 06:16:15', 'Finished'),
(11868, 94, 62, '94_1_0201.jpg', '94_1_0201', '1', '2018-09-12 06:16:15', '2018-09-12 06:16:15', 'Finished'),
(11869, 94, 62, '94_1_0202.jpg', '94_1_0202', '1', '2018-09-12 06:16:15', '2018-09-12 06:16:15', 'Finished'),
(11870, 94, 62, '94_1_0203.jpg', '94_1_0203', '1', '2018-09-12 06:16:15', '2018-09-12 06:16:15', 'Finished'),
(11871, 94, 62, '94_1_0204.jpg', '94_1_0204', '1', '2018-09-12 06:16:15', '2018-09-12 06:16:15', 'Finished'),
(11872, 94, 62, '94_1_0205.jpg', '94_1_0205', '1', '2018-09-12 06:16:15', '2018-09-12 06:16:15', 'Finished'),
(11873, 94, 62, '94_1_0206.jpg', '94_1_0206', '1', '2018-09-12 06:16:15', '2018-09-12 06:16:15', 'Finished'),
(11874, 94, 62, '94_1_0207.jpg', '94_1_0207', '1', '2018-09-12 06:16:15', '2018-09-12 06:16:15', 'Finished'),
(11875, 94, 62, '94_1_0208.jpg', '94_1_0208', '1', '2018-09-12 06:16:15', '2018-09-12 06:16:15', 'Finished'),
(11876, 94, 62, '94_1_0209.jpg', '94_1_0209', '1', '2018-09-12 06:16:16', '2018-09-12 06:16:16', 'Finished'),
(11877, 94, 62, '94_1_0210.jpg', '94_1_0210', '1', '2018-09-12 06:16:16', '2018-09-12 06:16:16', 'Finished'),
(11878, 94, 62, '94_1_0211.jpg', '94_1_0211', '1', '2018-09-12 06:16:16', '2018-09-12 06:16:16', 'Finished'),
(11879, 94, 62, '94_1_0212.jpg', '94_1_0212', '1', '2018-09-12 06:16:16', '2018-09-12 06:16:16', 'Finished'),
(11880, 94, 62, '94_1_0213.jpg', '94_1_0213', '1', '2018-09-12 06:16:16', '2018-09-12 06:16:16', 'Finished'),
(11881, 94, 62, '94_1_0214.jpg', '94_1_0214', '1', '2018-09-12 06:16:16', '2018-09-12 06:16:16', 'Finished'),
(11882, 94, 62, '94_1_0215.jpg', '94_1_0215', '1', '2018-09-12 06:16:16', '2018-09-12 06:16:16', 'Finished'),
(11883, 94, 62, '94_1_0216.jpg', '94_1_0216', '1', '2018-09-12 06:16:16', '2018-09-12 06:16:16', 'Finished'),
(11884, 94, 62, '94_1_0217.jpg', '94_1_0217', '1', '2018-09-12 06:16:16', '2018-09-12 06:16:16', 'Finished'),
(11885, 94, 62, '94_1_0218.jpg', '94_1_0218', '1', '2018-09-12 06:16:16', '2018-09-12 06:16:16', 'Finished'),
(11886, 94, 62, '94_1_0219.jpg', '94_1_0219', '1', '2018-09-12 06:16:16', '2018-09-12 06:16:16', 'Finished'),
(11887, 94, 62, '94_1_0220.jpg', '94_1_0220', '1', '2018-09-12 06:16:16', '2018-09-12 06:16:16', 'Finished'),
(11888, 94, 62, '94_1_0221.jpg', '94_1_0221', '1', '2018-09-12 06:16:16', '2018-09-12 06:16:16', 'Finished'),
(11889, 94, 62, '94_1_0222.jpg', '94_1_0222', '1', '2018-09-12 06:16:16', '2018-09-12 06:16:16', 'Finished'),
(11890, 94, 62, '94_1_0223.jpg', '94_1_0223', '1', '2018-09-12 06:16:16', '2018-09-12 06:16:16', 'Finished'),
(11891, 94, 62, '94_1_0224.jpg', '94_1_0224', '1', '2018-09-12 06:16:16', '2018-09-12 06:16:16', 'Finished'),
(11892, 94, 62, '94_1_0225.jpg', '94_1_0225', '1', '2018-09-12 06:16:16', '2018-09-12 06:16:16', 'Finished'),
(11893, 94, 62, '94_1_0226.jpg', '94_1_0226', '1', '2018-09-12 06:16:16', '2018-09-12 06:16:16', 'Finished'),
(11894, 94, 62, '94_1_0227.jpg', '94_1_0227', '1', '2018-09-12 06:16:16', '2018-09-12 06:16:16', 'Finished'),
(11895, 94, 62, '94_1_0228.jpg', '94_1_0228', '1', '2018-09-12 06:16:16', '2018-09-12 06:16:16', 'Finished'),
(11896, 94, 62, '94_1_0229.jpg', '94_1_0229', '1', '2018-09-12 06:16:16', '2018-09-12 06:16:16', 'Finished'),
(11897, 94, 62, '94_1_0230.jpg', '94_1_0230', '1', '2018-09-12 06:16:16', '2018-09-12 06:16:16', 'Finished'),
(11898, 94, 62, '94_1_0231.jpg', '94_1_0231', '1', '2018-09-12 06:16:16', '2018-09-12 06:16:16', 'Finished'),
(11899, 94, 62, '94_1_0232.jpg', '94_1_0232', '1', '2018-09-12 06:16:16', '2018-09-12 06:16:16', 'Finished'),
(11900, 94, 62, '94_1_0233.jpg', '94_1_0233', '1', '2018-09-12 06:16:16', '2018-09-12 06:16:16', 'Finished'),
(11901, 94, 62, '94_1_0234.jpg', '94_1_0234', '1', '2018-09-12 06:16:16', '2018-09-12 06:16:16', 'Finished'),
(11902, 94, 62, '94_1_0235.jpg', '94_1_0235', '1', '2018-09-12 06:16:16', '2018-09-12 06:16:16', 'Finished'),
(11903, 94, 62, '94_1_0236.jpg', '94_1_0236', '1', '2018-09-12 06:16:16', '2018-09-12 06:16:16', 'Finished'),
(11904, 94, 62, '94_1_0237.jpg', '94_1_0237', '1', '2018-09-12 06:16:16', '2018-09-12 06:16:16', 'Finished'),
(11905, 94, 62, '94_1_0238.jpg', '94_1_0238', '1', '2018-09-12 06:16:16', '2018-09-12 06:16:16', 'Finished'),
(11906, 94, 62, '94_1_0239.jpg', '94_1_0239', '1', '2018-09-12 06:16:16', '2018-09-12 06:16:16', 'Finished'),
(11907, 94, 62, '94_1_0240.jpg', '94_1_0240', '1', '2018-09-12 06:16:16', '2018-09-12 06:16:16', 'Finished'),
(11908, 94, 62, '94_1_0241.jpg', '94_1_0241', '1', '2018-09-12 06:16:16', '2018-09-12 06:16:16', 'Finished'),
(11909, 94, 62, '94_1_0242.jpg', '94_1_0242', '1', '2018-09-12 06:16:16', '2018-09-12 06:16:16', 'Finished'),
(11910, 94, 62, '94_1_0243.jpg', '94_1_0243', '1', '2018-09-12 06:16:16', '2018-09-12 06:16:16', 'Finished'),
(11911, 94, 62, '94_1_0244.jpg', '94_1_0244', '1', '2018-09-12 06:16:16', '2018-09-12 06:16:16', 'Finished'),
(11912, 94, 62, '94_1_0245.jpg', '94_1_0245', '1', '2018-09-12 06:16:16', '2018-09-12 06:16:16', 'Finished'),
(11913, 94, 62, '94_1_0246.jpg', '94_1_0246', '1', '2018-09-12 06:16:16', '2018-09-12 06:16:16', 'Finished'),
(11914, 94, 62, '94_1_0247.jpg', '94_1_0247', '1', '2018-09-12 06:16:16', '2018-09-12 06:16:16', 'Finished'),
(11915, 94, 62, '94_1_0248.jpg', '94_1_0248', '1', '2018-09-12 06:16:16', '2018-09-12 06:16:16', 'Finished'),
(11916, 94, 62, '94_1_0249.jpg', '94_1_0249', '1', '2018-09-12 06:16:16', '2018-09-12 06:16:16', 'Finished'),
(11917, 94, 62, '94_1_0250.jpg', '94_1_0250', '1', '2018-09-12 06:16:16', '2018-09-12 06:16:16', 'Finished'),
(11918, 94, 62, '94_1_0251.jpg', '94_1_0251', '1', '2018-09-12 06:16:16', '2018-09-12 06:16:16', 'Finished'),
(11919, 94, 62, '94_1_0252.jpg', '94_1_0252', '1', '2018-09-12 06:16:16', '2018-09-12 06:16:16', 'Finished'),
(11920, 94, 62, '94_1_0253.jpg', '94_1_0253', '1', '2018-09-12 06:16:16', '2018-09-12 06:16:16', 'Finished'),
(11921, 94, 62, '94_1_0254.jpg', '94_1_0254', '1', '2018-09-12 06:16:16', '2018-09-12 06:16:16', 'Finished'),
(11922, 94, 62, '94_1_0255.jpg', '94_1_0255', '1', '2018-09-12 06:16:17', '2018-09-12 06:16:17', 'Finished'),
(11923, 94, 62, '94_1_0256.jpg', '94_1_0256', '1', '2018-09-12 06:16:17', '2018-09-12 06:16:17', 'Finished'),
(11924, 94, 62, '94_1_0257.jpg', '94_1_0257', '1', '2018-09-12 06:16:17', '2018-09-12 06:16:17', 'Finished'),
(11925, 94, 62, '94_1_0258.jpg', '94_1_0258', '1', '2018-09-12 06:16:17', '2018-09-12 06:16:17', 'Finished'),
(11926, 94, 62, '94_1_0259.jpg', '94_1_0259', '1', '2018-09-12 06:16:17', '2018-09-12 06:16:17', 'Finished'),
(11927, 94, 62, '94_1_0260.jpg', '94_1_0260', '1', '2018-09-12 06:16:17', '2018-09-12 06:16:17', 'Finished'),
(11928, 94, 62, '94_1_0261.jpg', '94_1_0261', '1', '2018-09-12 06:16:17', '2018-09-12 06:16:17', 'Finished'),
(11929, 94, 62, '94_1_0262.jpg', '94_1_0262', '1', '2018-09-12 06:16:17', '2018-09-12 06:16:17', 'Finished'),
(11930, 94, 62, '94_1_0263.jpg', '94_1_0263', '1', '2018-09-12 06:16:17', '2018-09-12 06:16:17', 'Finished'),
(11931, 94, 62, '94_1_0264.jpg', '94_1_0264', '1', '2018-09-12 06:16:17', '2018-09-12 06:16:17', 'Finished'),
(11932, 94, 62, '94_1_0265.jpg', '94_1_0265', '1', '2018-09-12 06:16:17', '2018-09-12 06:16:17', 'Finished'),
(11933, 94, 62, '94_1_0266.jpg', '94_1_0266', '1', '2018-09-12 06:16:17', '2018-09-12 06:16:17', 'Finished'),
(11934, 94, 62, '94_1_0267.jpg', '94_1_0267', '1', '2018-09-12 06:16:17', '2018-09-12 06:16:17', 'Finished'),
(11935, 94, 62, '94_1_0268.jpg', '94_1_0268', '1', '2018-09-12 06:16:17', '2018-09-12 06:16:17', 'Finished'),
(11936, 94, 62, '94_1_0269.jpg', '94_1_0269', '1', '2018-09-12 06:16:17', '2018-09-12 06:16:17', 'Finished'),
(11937, 94, 62, '94_1_0270.jpg', '94_1_0270', '1', '2018-09-12 06:16:17', '2018-09-12 06:16:17', 'Finished'),
(11938, 94, 62, '94_1_0271.jpg', '94_1_0271', '1', '2018-09-12 06:16:17', '2018-09-12 06:16:17', 'Finished'),
(11939, 94, 62, '94_1_0272.jpg', '94_1_0272', '1', '2018-09-12 06:16:17', '2018-09-12 06:16:17', 'Finished'),
(11940, 94, 62, '94_1_0273.jpg', '94_1_0273', '1', '2018-09-12 06:16:17', '2018-09-12 06:16:17', 'Finished'),
(11941, 94, 62, '94_1_0274.jpg', '94_1_0274', '1', '2018-09-12 06:16:17', '2018-09-12 06:16:17', 'Finished'),
(11942, 94, 62, '94_1_0275.jpg', '94_1_0275', '1', '2018-09-12 06:16:17', '2018-09-12 06:16:17', 'Finished'),
(11943, 94, 62, '94_1_0276.jpg', '94_1_0276', '1', '2018-09-12 06:16:17', '2018-09-12 06:16:17', 'Finished'),
(11944, 94, 62, '94_1_0277.jpg', '94_1_0277', '1', '2018-09-12 06:16:17', '2018-09-12 06:16:17', 'Finished'),
(11945, 94, 62, '94_1_0278.jpg', '94_1_0278', '1', '2018-09-12 06:16:17', '2018-09-12 06:16:17', 'Finished'),
(11946, 94, 62, '94_1_0279.jpg', '94_1_0279', '1', '2018-09-12 06:16:17', '2018-09-12 06:16:17', 'Finished'),
(11947, 94, 62, '94_1_0280.jpg', '94_1_0280', '1', '2018-09-12 06:16:17', '2018-09-12 06:16:17', 'Finished'),
(11948, 94, 62, '94_1_0281.jpg', '94_1_0281', '1', '2018-09-12 06:16:17', '2018-09-12 06:16:17', 'Finished'),
(11949, 94, 62, '94_1_0282.jpg', '94_1_0282', '1', '2018-09-12 06:16:17', '2018-09-12 06:16:17', 'Finished'),
(11950, 94, 62, '94_1_0283.jpg', '94_1_0283', '1', '2018-09-12 06:16:17', '2018-09-12 06:16:17', 'Finished'),
(11951, 94, 62, '94_1_0284.jpg', '94_1_0284', '1', '2018-09-12 06:16:17', '2018-09-12 06:16:17', 'Finished'),
(11952, 94, 62, '94_1_0285.jpg', '94_1_0285', '1', '2018-09-12 06:16:17', '2018-09-12 06:16:17', 'Finished'),
(11953, 94, 62, '94_1_0286.jpg', '94_1_0286', '1', '2018-09-12 06:16:17', '2018-09-12 06:16:17', 'Finished'),
(11954, 94, 62, '94_1_0287.jpg', '94_1_0287', '1', '2018-09-12 06:16:17', '2018-09-12 06:16:17', 'Finished'),
(11955, 94, 62, '94_1_0288.jpg', '94_1_0288', '1', '2018-09-12 06:16:17', '2018-09-12 06:16:17', 'Finished'),
(11956, 94, 62, '94_1_0289.jpg', '94_1_0289', '1', '2018-09-12 06:16:17', '2018-09-12 06:16:17', 'Finished'),
(11957, 94, 62, '94_1_0290.jpg', '94_1_0290', '1', '2018-09-12 06:16:17', '2018-09-12 06:16:17', 'Finished'),
(11958, 94, 62, '94_1_0291.jpg', '94_1_0291', '1', '2018-09-12 06:16:17', '2018-09-12 06:16:17', 'Finished'),
(11959, 94, 62, '94_1_0292.jpg', '94_1_0292', '1', '2018-09-12 06:16:17', '2018-09-12 06:16:17', 'Finished'),
(11960, 94, 62, '94_1_0293.jpg', '94_1_0293', '1', '2018-09-12 06:16:17', '2018-09-12 06:16:17', 'Finished'),
(11961, 94, 62, '94_1_0294.jpg', '94_1_0294', '1', '2018-09-12 06:16:17', '2018-09-12 06:16:17', 'Finished'),
(11962, 94, 62, '94_1_0295.jpg', '94_1_0295', '1', '2018-09-12 06:16:17', '2018-09-12 06:16:17', 'Finished'),
(11963, 94, 62, '94_1_0296.jpg', '94_1_0296', '1', '2018-09-12 06:16:17', '2018-09-12 06:16:17', 'Finished'),
(11964, 94, 62, '94_1_0297.jpg', '94_1_0297', '1', '2018-09-12 06:16:17', '2018-09-12 06:16:17', 'Finished'),
(11965, 94, 62, '94_1_0298.jpg', '94_1_0298', '1', '2018-09-12 06:16:17', '2018-09-12 06:16:17', 'Finished'),
(11966, 94, 62, '94_1_0299.jpg', '94_1_0299', '1', '2018-09-12 06:16:17', '2018-09-12 06:16:17', 'Finished'),
(11967, 94, 62, '94_1_0300.jpg', '94_1_0300', '1', '2018-09-12 06:16:17', '2018-09-12 06:16:17', 'Finished'),
(11968, 94, 62, '94_1_0301.jpg', '94_1_0301', '1', '2018-09-12 06:16:17', '2018-09-12 06:16:17', 'Finished'),
(11969, 94, 62, '94_1_0302.jpg', '94_1_0302', '1', '2018-09-12 06:16:17', '2018-09-12 06:16:17', 'Finished'),
(11970, 94, 62, '94_1_0303.jpg', '94_1_0303', '1', '2018-09-12 06:16:17', '2018-09-12 06:16:17', 'Finished'),
(11971, 94, 62, '94_1_0304.jpg', '94_1_0304', '1', '2018-09-12 06:16:17', '2018-09-12 06:16:17', 'Finished'),
(11972, 94, 62, '94_1_0305.jpg', '94_1_0305', '1', '2018-09-12 06:16:18', '2018-09-12 06:16:18', 'Finished'),
(11973, 94, 62, '94_1_0306.jpg', '94_1_0306', '1', '2018-09-12 06:16:18', '2018-09-12 06:16:18', 'Finished'),
(11974, 94, 62, '94_1_0307.jpg', '94_1_0307', '1', '2018-09-12 06:16:18', '2018-09-12 06:16:18', 'Finished'),
(11975, 94, 62, '94_1_0308.jpg', '94_1_0308', '1', '2018-09-12 06:16:18', '2018-09-12 06:16:18', 'Finished'),
(11976, 94, 62, '94_1_0309.jpg', '94_1_0309', '1', '2018-09-12 06:16:18', '2018-09-12 06:16:18', 'Finished'),
(11977, 94, 62, '94_1_0310.jpg', '94_1_0310', '1', '2018-09-12 06:16:18', '2018-09-12 06:16:18', 'Finished'),
(11978, 94, 62, '94_1_0311.jpg', '94_1_0311', '1', '2018-09-12 06:16:18', '2018-09-12 06:16:18', 'Finished'),
(11979, 94, 62, '94_1_0312.jpg', '94_1_0312', '1', '2018-09-12 06:16:18', '2018-09-12 06:16:18', 'Finished'),
(11980, 94, 62, '94_1_0313.jpg', '94_1_0313', '1', '2018-09-12 06:16:18', '2018-09-12 06:16:18', 'Finished'),
(11981, 94, 62, '94_1_0314.jpg', '94_1_0314', '1', '2018-09-12 06:16:18', '2018-09-12 06:16:18', 'Finished'),
(11982, 94, 62, '94_1_0315.jpg', '94_1_0315', '1', '2018-09-12 06:16:18', '2018-09-12 06:16:18', 'Finished'),
(11983, 94, 62, '94_1_0316.jpg', '94_1_0316', '1', '2018-09-12 06:16:18', '2018-09-12 06:16:18', 'Finished'),
(11984, 94, 62, '94_1_0317.jpg', '94_1_0317', '1', '2018-09-12 06:16:18', '2018-09-12 06:16:18', 'Finished'),
(11985, 94, 62, '94_1_0318.jpg', '94_1_0318', '1', '2018-09-12 06:16:18', '2018-09-12 06:16:18', 'Finished'),
(11986, 94, 62, '94_1_0319.jpg', '94_1_0319', '1', '2018-09-12 06:16:18', '2018-09-12 06:16:18', 'Finished'),
(11987, 94, 62, '94_1_0320.jpg', '94_1_0320', '1', '2018-09-12 06:16:18', '2018-09-12 06:16:18', 'Finished'),
(11988, 94, 62, '94_1_0321.jpg', '94_1_0321', '1', '2018-09-12 06:16:18', '2018-09-12 06:16:18', 'Finished'),
(11989, 94, 62, '94_1_0322.jpg', '94_1_0322', '1', '2018-09-12 06:16:18', '2018-09-12 06:16:18', 'Finished'),
(11990, 94, 62, '94_1_0323.jpg', '94_1_0323', '1', '2018-09-12 06:16:18', '2018-09-12 06:16:18', 'Finished'),
(11991, 94, 62, '94_1_0324.jpg', '94_1_0324', '1', '2018-09-12 06:16:18', '2018-09-12 06:16:18', 'Finished'),
(11992, 94, 62, '94_1_0325.jpg', '94_1_0325', '1', '2018-09-12 06:16:18', '2018-09-12 06:16:18', 'Finished'),
(11993, 94, 62, '94_1_0326.jpg', '94_1_0326', '1', '2018-09-12 06:16:18', '2018-09-12 06:16:18', 'Finished'),
(11994, 94, 62, '94_1_0327.jpg', '94_1_0327', '1', '2018-09-12 06:16:18', '2018-09-12 06:16:18', 'Finished'),
(11995, 94, 62, '94_1_0328.jpg', '94_1_0328', '1', '2018-09-12 06:16:18', '2018-09-12 06:16:18', 'Finished'),
(11996, 94, 62, '94_1_0329.jpg', '94_1_0329', '1', '2018-09-12 06:16:18', '2018-09-12 06:16:18', 'Finished'),
(11997, 94, 62, '94_1_0330.jpg', '94_1_0330', '1', '2018-09-12 06:16:18', '2018-09-12 06:16:18', 'Finished'),
(11998, 94, 62, '94_1_0331.jpg', '94_1_0331', '1', '2018-09-12 06:16:18', '2018-09-12 06:16:18', 'Finished'),
(11999, 94, 62, '94_1_0332.jpg', '94_1_0332', '1', '2018-09-12 06:16:18', '2018-09-12 06:16:18', 'Finished'),
(12000, 94, 62, '94_1_0333.jpg', '94_1_0333', '1', '2018-09-12 06:16:18', '2018-09-12 06:16:18', 'Finished'),
(12001, 94, 62, '94_1_0334.jpg', '94_1_0334', '1', '2018-09-12 06:16:18', '2018-09-12 06:16:18', 'Finished'),
(12002, 94, 62, '94_1_0335.jpg', '94_1_0335', '1', '2018-09-12 06:16:18', '2018-09-12 06:16:18', 'Finished'),
(12003, 94, 62, '94_1_0336.jpg', '94_1_0336', '1', '2018-09-12 06:16:18', '2018-09-12 06:16:18', 'Finished'),
(12004, 94, 62, '94_1_0337.jpg', '94_1_0337', '1', '2018-09-12 06:16:18', '2018-09-12 06:16:18', 'Finished'),
(12005, 94, 62, '94_1_0338.jpg', '94_1_0338', '1', '2018-09-12 06:16:18', '2018-09-12 06:16:18', 'Finished'),
(12006, 94, 62, '94_1_0339.jpg', '94_1_0339', '1', '2018-09-12 06:16:18', '2018-09-12 06:16:18', 'Finished'),
(12007, 94, 62, '94_1_0340.jpg', '94_1_0340', '1', '2018-09-12 06:16:18', '2018-09-12 06:16:18', 'Finished'),
(12008, 94, 62, '94_1_0341.jpg', '94_1_0341', '1', '2018-09-12 06:16:18', '2018-09-12 06:16:18', 'Finished'),
(12009, 94, 62, '94_1_0342.jpg', '94_1_0342', '1', '2018-09-12 06:16:18', '2018-09-12 06:16:18', 'Finished'),
(12010, 94, 62, '94_1_0343.jpg', '94_1_0343', '1', '2018-09-12 06:16:18', '2018-09-12 06:16:18', 'Finished'),
(12011, 94, 62, '94_1_0344.jpg', '94_1_0344', '1', '2018-09-12 06:16:18', '2018-09-12 06:16:18', 'Finished'),
(12012, 94, 62, '94_1_0345.jpg', '94_1_0345', '1', '2018-09-12 06:16:18', '2018-09-12 06:16:18', 'Finished'),
(12013, 94, 62, '94_1_0346.jpg', '94_1_0346', '1', '2018-09-12 06:16:18', '2018-09-12 06:16:18', 'Finished'),
(12014, 94, 62, '94_1_0347.jpg', '94_1_0347', '1', '2018-09-12 06:16:18', '2018-09-12 06:16:18', 'Finished'),
(12015, 94, 62, '94_1_0348.jpg', '94_1_0348', '1', '2018-09-12 06:16:18', '2018-09-12 06:16:18', 'Finished'),
(12016, 94, 62, '94_1_0349.jpg', '94_1_0349', '1', '2018-09-12 06:16:18', '2018-09-12 06:16:18', 'Finished'),
(12017, 94, 62, '94_1_0350.jpg', '94_1_0350', '1', '2018-09-12 06:16:18', '2018-09-12 06:16:18', 'Finished'),
(12018, 94, 62, '94_1_0351.jpg', '94_1_0351', '1', '2018-09-12 06:16:18', '2018-09-12 06:16:18', 'Finished'),
(12019, 94, 62, '94_1_0352.jpg', '94_1_0352', '1', '2018-09-12 06:16:18', '2018-09-12 06:16:18', 'Finished'),
(12020, 94, 62, '94_1_0353.jpg', '94_1_0353', '1', '2018-09-12 06:16:18', '2018-09-12 06:16:18', 'Finished'),
(12021, 94, 62, '94_1_0354.jpg', '94_1_0354', '1', '2018-09-12 06:16:19', '2018-09-12 06:16:19', 'Finished'),
(12022, 94, 62, '94_1_0355.jpg', '94_1_0355', '1', '2018-09-12 06:16:19', '2018-09-12 06:16:19', 'Finished'),
(12023, 94, 62, '94_1_0356.jpg', '94_1_0356', '1', '2018-09-12 06:16:19', '2018-09-12 06:16:19', 'Finished'),
(12024, 94, 62, '94_1_0357.jpg', '94_1_0357', '1', '2018-09-12 06:16:19', '2018-09-12 06:16:19', 'Finished'),
(12025, 94, 62, '94_1_0358.jpg', '94_1_0358', '1', '2018-09-12 06:16:19', '2018-09-12 06:16:19', 'Finished'),
(12026, 94, 62, '94_1_0359.jpg', '94_1_0359', '1', '2018-09-12 06:16:19', '2018-09-12 06:16:19', 'Finished'),
(12027, 94, 62, '94_1_0360.jpg', '94_1_0360', '1', '2018-09-12 06:16:19', '2018-09-12 06:16:19', 'Finished'),
(12028, 94, 62, '94_1_0361.jpg', '94_1_0361', '1', '2018-09-12 06:16:19', '2018-09-12 06:16:19', 'Finished'),
(12029, 94, 62, '94_1_0362.jpg', '94_1_0362', '1', '2018-09-12 06:16:19', '2018-09-12 06:16:19', 'Finished'),
(12030, 94, 62, '94_1_0363.jpg', '94_1_0363', '1', '2018-09-12 06:16:19', '2018-09-12 06:16:19', 'Finished'),
(12031, 94, 62, '94_1_0364.jpg', '94_1_0364', '1', '2018-09-12 06:16:19', '2018-09-12 06:16:19', 'Finished'),
(12032, 94, 62, '94_1_0365.jpg', '94_1_0365', '1', '2018-09-12 06:16:19', '2018-09-12 06:16:19', 'Finished'),
(12033, 94, 62, '94_1_0366.jpg', '94_1_0366', '1', '2018-09-12 06:16:19', '2018-09-12 06:16:19', 'Finished'),
(12034, 94, 62, '94_1_0367.jpg', '94_1_0367', '1', '2018-09-12 06:16:19', '2018-09-12 06:16:19', 'Finished'),
(12035, 94, 62, '94_1_0368.jpg', '94_1_0368', '1', '2018-09-12 06:16:19', '2018-09-12 06:16:19', 'Finished'),
(12036, 94, 62, '94_1_0369.jpg', '94_1_0369', '1', '2018-09-12 06:16:19', '2018-09-12 06:16:19', 'Finished'),
(12037, 94, 62, '94_1_0370.jpg', '94_1_0370', '1', '2018-09-12 06:16:19', '2018-09-12 06:16:19', 'Finished'),
(12038, 94, 62, '94_1_0371.jpg', '94_1_0371', '1', '2018-09-12 06:16:19', '2018-09-12 06:16:19', 'Finished'),
(12039, 94, 62, '94_1_0372.jpg', '94_1_0372', '1', '2018-09-12 06:16:19', '2018-09-12 06:16:19', 'Finished'),
(12040, 94, 62, '94_1_0373.jpg', '94_1_0373', '1', '2018-09-12 06:16:19', '2018-09-12 06:16:19', 'Finished'),
(12041, 94, 62, '94_1_0374.jpg', '94_1_0374', '1', '2018-09-12 06:16:19', '2018-09-12 06:16:19', 'Finished'),
(12042, 94, 62, '94_1_0375.jpg', '94_1_0375', '1', '2018-09-12 06:16:19', '2018-09-12 06:16:19', 'Finished'),
(12043, 94, 62, '94_1_0376.jpg', '94_1_0376', '1', '2018-09-12 06:16:19', '2018-09-12 06:16:19', 'Finished'),
(12044, 94, 62, '94_1_0377.jpg', '94_1_0377', '1', '2018-09-12 06:16:19', '2018-09-12 06:16:19', 'Finished'),
(12045, 94, 62, '94_1_0378.jpg', '94_1_0378', '1', '2018-09-12 06:16:19', '2018-09-12 06:16:19', 'Finished'),
(12046, 94, 62, '94_1_0379.jpg', '94_1_0379', '1', '2018-09-12 06:16:19', '2018-09-12 06:16:19', 'Finished'),
(12047, 94, 62, '94_1_0380.jpg', '94_1_0380', '1', '2018-09-12 06:16:19', '2018-09-12 06:16:19', 'Finished'),
(12048, 94, 62, '94_1_0381.jpg', '94_1_0381', '1', '2018-09-12 06:16:19', '2018-09-12 06:16:19', 'Finished'),
(12049, 94, 62, '94_1_0382.jpg', '94_1_0382', '1', '2018-09-12 06:16:19', '2018-09-12 06:16:19', 'Finished'),
(12050, 94, 62, '94_1_0383.jpg', '94_1_0383', '1', '2018-09-12 06:16:19', '2018-09-12 06:16:19', 'Finished'),
(12051, 94, 62, '94_1_0384.jpg', '94_1_0384', '1', '2018-09-12 06:16:19', '2018-09-12 06:16:19', 'Finished'),
(12052, 94, 62, '94_1_0385.jpg', '94_1_0385', '1', '2018-09-12 06:16:19', '2018-09-12 06:16:19', 'Finished'),
(12053, 94, 62, '94_1_0386.jpg', '94_1_0386', '1', '2018-09-12 06:16:19', '2018-09-12 06:16:19', 'Finished'),
(12054, 94, 62, '94_1_0387.jpg', '94_1_0387', '1', '2018-09-12 06:16:19', '2018-09-12 06:16:19', 'Finished'),
(12055, 94, 62, '94_1_0388.jpg', '94_1_0388', '1', '2018-09-12 06:16:19', '2018-09-12 06:16:19', 'Finished'),
(12056, 94, 62, '94_1_0389.jpg', '94_1_0389', '1', '2018-09-12 06:16:19', '2018-09-12 06:16:19', 'Finished'),
(12057, 94, 62, '94_1_0390.jpg', '94_1_0390', '1', '2018-09-12 06:16:19', '2018-09-12 06:16:19', 'Finished'),
(12058, 94, 62, '94_1_0391.jpg', '94_1_0391', '1', '2018-09-12 06:16:19', '2018-09-12 06:16:19', 'Finished'),
(12059, 94, 62, '94_1_0392.jpg', '94_1_0392', '1', '2018-09-12 06:16:19', '2018-09-12 06:16:19', 'Finished'),
(12060, 94, 62, '94_1_0393.jpg', '94_1_0393', '1', '2018-09-12 06:16:19', '2018-09-12 06:16:19', 'Finished'),
(12061, 94, 62, '94_1_0394.jpg', '94_1_0394', '1', '2018-09-12 06:16:19', '2018-09-12 06:16:19', 'Finished'),
(12062, 94, 62, '94_1_0395.jpg', '94_1_0395', '1', '2018-09-12 06:16:19', '2018-09-12 06:16:19', 'Finished'),
(12063, 94, 62, '94_1_0396.jpg', '94_1_0396', '1', '2018-09-12 06:16:19', '2018-09-12 06:16:19', 'Finished'),
(12064, 94, 62, '94_1_0397.jpg', '94_1_0397', '1', '2018-09-12 06:16:19', '2018-09-12 06:16:19', 'Finished'),
(12065, 94, 62, '94_1_0398.jpg', '94_1_0398', '1', '2018-09-12 06:16:19', '2018-09-12 06:16:19', 'Finished'),
(12066, 94, 62, '94_1_0399.jpg', '94_1_0399', '1', '2018-09-12 06:16:19', '2018-09-12 06:16:19', 'Finished'),
(12067, 94, 62, '94_1_0400.jpg', '94_1_0400', '1', '2018-09-12 06:16:19', '2018-09-12 06:16:19', 'Finished'),
(12068, 94, 62, '94_1_0401.jpg', '94_1_0401', '1', '2018-09-12 06:16:20', '2018-09-12 06:16:20', 'Finished'),
(12069, 94, 62, '94_1_0402.jpg', '94_1_0402', '1', '2018-09-12 06:16:20', '2018-09-12 06:16:20', 'Finished'),
(12070, 94, 62, '94_1_0403.jpg', '94_1_0403', '1', '2018-09-12 06:16:20', '2018-09-12 06:16:20', 'Finished'),
(12071, 94, 62, '94_1_0404.jpg', '94_1_0404', '1', '2018-09-12 06:16:20', '2018-09-12 06:16:20', 'Finished'),
(12072, 94, 62, '94_1_0405.jpg', '94_1_0405', '1', '2018-09-12 06:16:20', '2018-09-12 06:16:20', 'Finished'),
(12073, 94, 62, '94_1_0406.jpg', '94_1_0406', '1', '2018-09-12 06:16:20', '2018-09-12 06:16:20', 'Finished'),
(12074, 94, 62, '94_1_0407.jpg', '94_1_0407', '1', '2018-09-12 06:16:20', '2018-09-12 06:16:20', 'Finished'),
(12075, 94, 62, '94_1_0408.jpg', '94_1_0408', '1', '2018-09-12 06:16:20', '2018-09-12 06:16:20', 'Finished'),
(12076, 94, 62, '94_1_0409.jpg', '94_1_0409', '1', '2018-09-12 06:16:20', '2018-09-12 06:16:20', 'Finished'),
(12077, 94, 62, '94_1_0410.jpg', '94_1_0410', '1', '2018-09-12 06:16:20', '2018-09-12 06:16:20', 'Finished'),
(12078, 94, 62, '94_1_0411.jpg', '94_1_0411', '1', '2018-09-12 06:16:20', '2018-09-12 06:16:20', 'Finished'),
(12079, 94, 62, '94_1_0412.jpg', '94_1_0412', '1', '2018-09-12 06:16:20', '2018-09-12 06:16:20', 'Finished'),
(12080, 94, 62, '94_1_0413.jpg', '94_1_0413', '1', '2018-09-12 06:16:20', '2018-09-12 06:16:20', 'Finished'),
(12081, 94, 62, '94_1_0414.jpg', '94_1_0414', '1', '2018-09-12 06:16:20', '2018-09-12 06:16:20', 'Finished'),
(12082, 94, 62, '94_1_0415.jpg', '94_1_0415', '1', '2018-09-12 06:16:20', '2018-09-12 06:16:20', 'Finished'),
(12083, 94, 62, '94_1_0416.jpg', '94_1_0416', '1', '2018-09-12 06:16:20', '2018-09-12 06:16:20', 'Finished'),
(12084, 94, 62, '94_1_0417.jpg', '94_1_0417', '1', '2018-09-12 06:16:20', '2018-09-12 06:16:20', 'Finished'),
(12085, 94, 62, '94_1_0418.jpg', '94_1_0418', '1', '2018-09-12 06:16:20', '2018-09-12 06:16:20', 'Finished'),
(12086, 94, 62, '94_1_0419.jpg', '94_1_0419', '1', '2018-09-12 06:16:20', '2018-09-12 06:16:20', 'Finished'),
(12087, 94, 62, '94_1_0420.jpg', '94_1_0420', '1', '2018-09-12 06:16:20', '2018-09-12 06:16:20', 'Finished'),
(12088, 94, 62, '94_1_0421.jpg', '94_1_0421', '1', '2018-09-12 06:16:20', '2018-09-12 06:16:20', 'Finished'),
(12089, 94, 62, '94_1_0422.jpg', '94_1_0422', '1', '2018-09-12 06:16:20', '2018-09-12 06:16:20', 'Finished'),
(12090, 94, 62, '94_1_0423.jpg', '94_1_0423', '1', '2018-09-12 06:16:20', '2018-09-12 06:16:20', 'Finished'),
(12091, 94, 62, '94_1_0424.jpg', '94_1_0424', '1', '2018-09-12 06:16:20', '2018-09-12 06:16:20', 'Finished'),
(12092, 94, 62, '94_1_0425.jpg', '94_1_0425', '1', '2018-09-12 06:16:20', '2018-09-12 06:16:20', 'Finished'),
(12093, 94, 62, '94_1_0426.jpg', '94_1_0426', '1', '2018-09-12 06:16:20', '2018-09-12 06:16:20', 'Finished'),
(12094, 94, 62, '94_1_0427.jpg', '94_1_0427', '1', '2018-09-12 06:16:20', '2018-09-12 06:16:20', 'Finished'),
(12095, 94, 62, '94_1_0428.jpg', '94_1_0428', '1', '2018-09-12 06:16:20', '2018-09-12 06:16:20', 'Finished'),
(12096, 94, 62, '94_1_0429.jpg', '94_1_0429', '1', '2018-09-12 06:16:20', '2018-09-12 06:16:20', 'Finished'),
(12097, 94, 62, '94_1_0430.jpg', '94_1_0430', '1', '2018-09-12 06:16:20', '2018-09-12 06:16:20', 'Finished'),
(12098, 94, 62, '94_1_0431.jpg', '94_1_0431', '1', '2018-09-12 06:16:20', '2018-09-12 06:16:20', 'Finished'),
(12099, 94, 62, '94_1_0432.jpg', '94_1_0432', '1', '2018-09-12 06:16:20', '2018-09-12 06:16:20', 'Finished'),
(12100, 94, 62, '94_1_0433.jpg', '94_1_0433', '1', '2018-09-12 06:16:20', '2018-09-12 06:16:20', 'Finished'),
(12101, 94, 62, '94_1_0434.jpg', '94_1_0434', '1', '2018-09-12 06:16:20', '2018-09-12 06:16:20', 'Finished'),
(12102, 94, 62, '94_1_0435.jpg', '94_1_0435', '1', '2018-09-12 06:16:20', '2018-09-12 06:16:20', 'Finished'),
(12103, 94, 62, '94_1_0436.jpg', '94_1_0436', '1', '2018-09-12 06:16:20', '2018-09-12 06:16:20', 'Finished'),
(12104, 94, 62, '94_1_0437.jpg', '94_1_0437', '1', '2018-09-12 06:16:20', '2018-09-12 06:16:20', 'Finished'),
(12105, 94, 62, '94_1_0438.jpg', '94_1_0438', '1', '2018-09-12 06:16:20', '2018-09-12 06:16:20', 'Finished'),
(12106, 94, 62, '94_1_0439.jpg', '94_1_0439', '1', '2018-09-12 06:16:20', '2018-09-12 06:16:20', 'Finished'),
(12107, 94, 62, '94_1_0440.jpg', '94_1_0440', '1', '2018-09-12 06:16:20', '2018-09-12 06:16:20', 'Finished'),
(12108, 94, 62, '94_1_0441.jpg', '94_1_0441', '1', '2018-09-12 06:16:20', '2018-09-12 06:16:20', 'Finished'),
(12109, 94, 62, '94_1_0442.jpg', '94_1_0442', '1', '2018-09-12 06:16:20', '2018-09-12 06:16:20', 'Finished'),
(12110, 94, 62, '94_1_0443.jpg', '94_1_0443', '1', '2018-09-12 06:16:20', '2018-09-12 06:16:20', 'Finished'),
(12111, 94, 62, '94_1_0444.jpg', '94_1_0444', '1', '2018-09-12 06:16:20', '2018-09-12 06:16:20', 'Finished'),
(12112, 94, 62, '94_1_0445.jpg', '94_1_0445', '1', '2018-09-12 06:16:20', '2018-09-12 06:16:20', 'Finished'),
(12113, 94, 62, '94_1_0446.jpg', '94_1_0446', '1', '2018-09-12 06:16:21', '2018-09-12 06:16:21', 'Finished'),
(12114, 94, 62, '94_1_0447.jpg', '94_1_0447', '1', '2018-09-12 06:16:21', '2018-09-12 06:16:21', 'Finished'),
(12115, 94, 62, '94_1_0448.jpg', '94_1_0448', '1', '2018-09-12 06:16:21', '2018-09-12 06:16:21', 'Finished'),
(12116, 94, 62, '94_1_0449.jpg', '94_1_0449', '1', '2018-09-12 06:16:21', '2018-09-12 06:16:21', 'Finished'),
(12117, 94, 62, '94_1_0450.jpg', '94_1_0450', '1', '2018-09-12 06:16:21', '2018-09-12 06:16:21', 'Finished'),
(12118, 94, 62, '94_1_0451.jpg', '94_1_0451', '1', '2018-09-12 06:16:21', '2018-09-12 06:16:21', 'Finished'),
(12119, 94, 62, '94_1_0452.jpg', '94_1_0452', '1', '2018-09-12 06:16:21', '2018-09-12 06:16:21', 'Finished'),
(12120, 94, 62, '94_1_0453.jpg', '94_1_0453', '1', '2018-09-12 06:16:21', '2018-09-12 06:16:21', 'Finished'),
(12121, 94, 62, '94_1_0454.jpg', '94_1_0454', '1', '2018-09-12 06:16:21', '2018-09-12 06:16:21', 'Finished'),
(12122, 94, 62, '94_1_0455.jpg', '94_1_0455', '1', '2018-09-12 06:16:21', '2018-09-12 06:16:21', 'Finished'),
(12123, 94, 62, '94_1_0456.jpg', '94_1_0456', '1', '2018-09-12 06:16:21', '2018-09-12 06:16:21', 'Finished'),
(12124, 94, 62, '94_1_0457.jpg', '94_1_0457', '1', '2018-09-12 06:16:21', '2018-09-12 06:16:21', 'Finished'),
(12125, 94, 62, '94_1_0458.jpg', '94_1_0458', '1', '2018-09-12 06:16:21', '2018-09-12 06:16:21', 'Finished'),
(12126, 94, 62, '94_1_0459.jpg', '94_1_0459', '1', '2018-09-12 06:16:21', '2018-09-12 06:16:21', 'Finished'),
(12127, 94, 62, '94_1_0460.jpg', '94_1_0460', '1', '2018-09-12 06:16:21', '2018-09-12 06:16:21', 'Finished'),
(12128, 94, 62, '94_1_0461.jpg', '94_1_0461', '1', '2018-09-12 06:16:21', '2018-09-12 06:16:21', 'Finished');
INSERT INTO `training_images` (`id`, `instruction_id`, `video_id`, `image_path`, `label_name`, `order_n`, `created_at`, `created_from`, `status`) VALUES
(12129, 94, 62, '94_1_0462.jpg', '94_1_0462', '1', '2018-09-12 06:16:21', '2018-09-12 06:16:21', 'Finished'),
(12130, 94, 62, '94_1_0463.jpg', '94_1_0463', '1', '2018-09-12 06:16:21', '2018-09-12 06:16:21', 'Finished'),
(12131, 94, 62, '94_1_0464.jpg', '94_1_0464', '1', '2018-09-12 06:16:21', '2018-09-12 06:16:21', 'Finished'),
(12132, 94, 62, '94_1_0465.jpg', '94_1_0465', '1', '2018-09-12 06:16:21', '2018-09-12 06:16:21', 'Finished'),
(12133, 94, 62, '94_1_0466.jpg', '94_1_0466', '1', '2018-09-12 06:16:21', '2018-09-12 06:16:21', 'Finished'),
(12134, 94, 62, '94_1_0467.jpg', '94_1_0467', '1', '2018-09-12 06:16:21', '2018-09-12 06:16:21', 'Finished'),
(12135, 94, 62, '94_1_0468.jpg', '94_1_0468', '1', '2018-09-12 06:16:21', '2018-09-12 06:16:21', 'Finished'),
(12136, 94, 62, '94_1_0469.jpg', '94_1_0469', '1', '2018-09-12 06:16:21', '2018-09-12 06:16:21', 'Finished'),
(12137, 94, 62, '94_1_0470.jpg', '94_1_0470', '1', '2018-09-12 06:16:21', '2018-09-12 06:16:21', 'Finished'),
(12138, 94, 62, '94_1_0471.jpg', '94_1_0471', '1', '2018-09-12 06:16:21', '2018-09-12 06:16:21', 'Finished'),
(12139, 94, 62, '94_1_0472.jpg', '94_1_0472', '1', '2018-09-12 06:16:21', '2018-09-12 06:16:21', 'Finished'),
(12140, 94, 62, '94_1_0473.jpg', '94_1_0473', '1', '2018-09-12 06:16:21', '2018-09-12 06:16:21', 'Finished'),
(12141, 94, 62, '94_1_0474.jpg', '94_1_0474', '1', '2018-09-12 06:16:21', '2018-09-12 06:16:21', 'Finished'),
(12142, 94, 62, '94_1_0475.jpg', '94_1_0475', '1', '2018-09-12 06:16:21', '2018-09-12 06:16:21', 'Finished'),
(12143, 94, 62, '94_1_0476.jpg', '94_1_0476', '1', '2018-09-12 06:16:21', '2018-09-12 06:16:21', 'Finished'),
(12144, 94, 62, '94_1_0477.jpg', '94_1_0477', '1', '2018-09-12 06:16:21', '2018-09-12 06:16:21', 'Finished'),
(12145, 94, 62, '94_1_0478.jpg', '94_1_0478', '1', '2018-09-12 06:16:21', '2018-09-12 06:16:21', 'Finished'),
(12146, 94, 62, '94_1_0479.jpg', '94_1_0479', '1', '2018-09-12 06:16:21', '2018-09-12 06:16:21', 'Finished'),
(12147, 94, 62, '94_1_0480.jpg', '94_1_0480', '1', '2018-09-12 06:16:21', '2018-09-12 06:16:21', 'Finished'),
(12148, 94, 62, '94_1_0481.jpg', '94_1_0481', '1', '2018-09-12 06:16:21', '2018-09-12 06:16:21', 'Finished'),
(12149, 94, 62, '94_1_0482.jpg', '94_1_0482', '1', '2018-09-12 06:16:21', '2018-09-12 06:16:21', 'Finished'),
(12150, 94, 62, '94_1_0483.jpg', '94_1_0483', '1', '2018-09-12 06:16:21', '2018-09-12 06:16:21', 'Finished'),
(12151, 94, 62, '94_1_0484.jpg', '94_1_0484', '1', '2018-09-12 06:16:21', '2018-09-12 06:16:21', 'Finished'),
(12152, 94, 62, '94_1_0485.jpg', '94_1_0485', '1', '2018-09-12 06:16:21', '2018-09-12 06:16:21', 'Finished'),
(12153, 94, 62, '94_1_0486.jpg', '94_1_0486', '1', '2018-09-12 06:16:21', '2018-09-12 06:16:21', 'Finished'),
(12154, 94, 62, '94_1_0487.jpg', '94_1_0487', '1', '2018-09-12 06:16:21', '2018-09-12 06:16:21', 'Finished'),
(12155, 94, 62, '94_1_0488.jpg', '94_1_0488', '1', '2018-09-12 06:16:22', '2018-09-12 06:16:22', 'Finished'),
(12156, 94, 62, '94_1_0489.jpg', '94_1_0489', '1', '2018-09-12 06:16:22', '2018-09-12 06:16:22', 'Finished'),
(12157, 94, 62, '94_1_0490.jpg', '94_1_0490', '1', '2018-09-12 06:16:22', '2018-09-12 06:16:22', 'Finished'),
(12158, 94, 62, '94_1_0491.jpg', '94_1_0491', '1', '2018-09-12 06:16:22', '2018-09-12 06:16:22', 'Finished'),
(12159, 94, 62, '94_1_0492.jpg', '94_1_0492', '1', '2018-09-12 06:16:22', '2018-09-12 06:16:22', 'Finished'),
(12160, 94, 62, '94_1_0493.jpg', '94_1_0493', '1', '2018-09-12 06:16:22', '2018-09-12 06:16:22', 'Finished'),
(12161, 94, 62, '94_1_0494.jpg', '94_1_0494', '1', '2018-09-12 06:16:22', '2018-09-12 06:16:22', 'Finished'),
(12162, 94, 62, '94_1_0495.jpg', '94_1_0495', '1', '2018-09-12 06:16:22', '2018-09-12 06:16:22', 'Finished'),
(12163, 94, 62, '94_1_0496.jpg', '94_1_0496', '1', '2018-09-12 06:16:22', '2018-09-12 06:16:22', 'Finished'),
(12164, 94, 62, '94_1_0497.jpg', '94_1_0497', '1', '2018-09-12 06:16:22', '2018-09-12 06:16:22', 'Finished'),
(12165, 94, 62, '94_1_0498.jpg', '94_1_0498', '1', '2018-09-12 06:16:22', '2018-09-12 06:16:22', 'Finished'),
(12166, 94, 62, '94_1_0499.jpg', '94_1_0499', '1', '2018-09-12 06:16:22', '2018-09-12 06:16:22', 'Finished'),
(12167, 94, 62, '94_1_0500.jpg', '94_1_0500', '1', '2018-09-12 06:16:22', '2018-09-12 06:16:22', 'Finished'),
(12168, 94, 62, '94_1_0501.jpg', '94_1_0501', '1', '2018-09-12 06:16:22', '2018-09-12 06:16:22', 'Finished'),
(12169, 94, 62, '94_1_0502.jpg', '94_1_0502', '1', '2018-09-12 06:16:22', '2018-09-12 06:16:22', 'Finished'),
(12170, 94, 62, '94_1_0503.jpg', '94_1_0503', '1', '2018-09-12 06:16:22', '2018-09-12 06:16:22', 'Finished'),
(12171, 94, 62, '94_1_0504.jpg', '94_1_0504', '1', '2018-09-12 06:16:22', '2018-09-12 06:16:22', 'Finished'),
(12172, 94, 62, '94_1_0505.jpg', '94_1_0505', '1', '2018-09-12 06:16:22', '2018-09-12 06:16:22', 'Finished'),
(12173, 94, 62, '94_1_0506.jpg', '94_1_0506', '1', '2018-09-12 06:16:22', '2018-09-12 06:16:22', 'Finished'),
(12174, 94, 62, '94_1_0507.jpg', '94_1_0507', '1', '2018-09-12 06:16:22', '2018-09-12 06:16:22', 'Finished'),
(12175, 94, 62, '94_1_0508.jpg', '94_1_0508', '1', '2018-09-12 06:16:22', '2018-09-12 06:16:22', 'Finished'),
(12176, 94, 62, '94_1_0509.jpg', '94_1_0509', '1', '2018-09-12 06:16:22', '2018-09-12 06:16:22', 'Finished'),
(12177, 94, 62, '94_1_0510.jpg', '94_1_0510', '1', '2018-09-12 06:16:22', '2018-09-12 06:16:22', 'Finished'),
(12178, 94, 62, '94_1_0511.jpg', '94_1_0511', '1', '2018-09-12 06:16:22', '2018-09-12 06:16:22', 'Finished'),
(12179, 94, 62, '94_1_0512.jpg', '94_1_0512', '1', '2018-09-12 06:16:22', '2018-09-12 06:16:22', 'Finished'),
(12180, 94, 62, '94_1_0513.jpg', '94_1_0513', '1', '2018-09-12 06:16:22', '2018-09-12 06:16:22', 'Finished'),
(12181, 94, 62, '94_1_0514.jpg', '94_1_0514', '1', '2018-09-12 06:16:22', '2018-09-12 06:16:22', 'Finished'),
(12182, 94, 62, '94_1_0515.jpg', '94_1_0515', '1', '2018-09-12 06:16:22', '2018-09-12 06:16:22', 'Finished'),
(12183, 94, 62, '94_1_0516.jpg', '94_1_0516', '1', '2018-09-12 06:16:22', '2018-09-12 06:16:22', 'Finished'),
(12184, 94, 62, '94_1_0517.jpg', '94_1_0517', '1', '2018-09-12 06:16:22', '2018-09-12 06:16:22', 'Finished'),
(12185, 94, 62, '94_1_0518.jpg', '94_1_0518', '1', '2018-09-12 06:16:22', '2018-09-12 06:16:22', 'Finished'),
(12186, 94, 62, '94_1_0519.jpg', '94_1_0519', '1', '2018-09-12 06:16:22', '2018-09-12 06:16:22', 'Finished'),
(12187, 94, 62, '94_1_0520.jpg', '94_1_0520', '1', '2018-09-12 06:16:22', '2018-09-12 06:16:22', 'Finished'),
(12188, 94, 62, '94_1_0521.jpg', '94_1_0521', '1', '2018-09-12 06:16:22', '2018-09-12 06:16:22', 'Finished'),
(12189, 94, 62, '94_1_0522.jpg', '94_1_0522', '1', '2018-09-12 06:16:22', '2018-09-12 06:16:22', 'Finished'),
(12190, 94, 62, '94_1_0523.jpg', '94_1_0523', '1', '2018-09-12 06:16:22', '2018-09-12 06:16:22', 'Finished'),
(12191, 94, 62, '94_1_0524.jpg', '94_1_0524', '1', '2018-09-12 06:16:22', '2018-09-12 06:16:22', 'Finished'),
(12192, 94, 62, '94_1_0525.jpg', '94_1_0525', '1', '2018-09-12 06:16:23', '2018-09-12 06:16:23', 'Finished'),
(12193, 94, 62, '94_1_0526.jpg', '94_1_0526', '1', '2018-09-12 06:16:23', '2018-09-12 06:16:23', 'Finished'),
(12194, 94, 62, '94_1_0527.jpg', '94_1_0527', '1', '2018-09-12 06:16:23', '2018-09-12 06:16:23', 'Finished'),
(12195, 94, 62, '94_1_0528.jpg', '94_1_0528', '1', '2018-09-12 06:16:23', '2018-09-12 06:16:23', 'Finished'),
(12196, 94, 62, '94_1_0529.jpg', '94_1_0529', '1', '2018-09-12 06:16:23', '2018-09-12 06:16:23', 'Finished'),
(12197, 94, 62, '94_1_0530.jpg', '94_1_0530', '1', '2018-09-12 06:16:23', '2018-09-12 06:16:23', 'Finished'),
(12198, 94, 62, '94_1_0531.jpg', '94_1_0531', '1', '2018-09-12 06:16:23', '2018-09-12 06:16:23', 'Finished'),
(12199, 94, 62, '94_1_0532.jpg', '94_1_0532', '1', '2018-09-12 06:16:23', '2018-09-12 06:16:23', 'Finished'),
(12200, 94, 62, '94_1_0533.jpg', '94_1_0533', '1', '2018-09-12 06:16:23', '2018-09-12 06:16:23', 'Finished'),
(12201, 94, 62, '94_1_0534.jpg', '94_1_0534', '1', '2018-09-12 06:16:23', '2018-09-12 06:16:23', 'Finished'),
(12202, 94, 62, '94_1_0535.jpg', '94_1_0535', '1', '2018-09-12 06:16:23', '2018-09-12 06:16:23', 'Finished'),
(12203, 94, 62, '94_1_0536.jpg', '94_1_0536', '1', '2018-09-12 06:16:23', '2018-09-12 06:16:23', 'Finished'),
(12204, 94, 62, '94_1_0537.jpg', '94_1_0537', '1', '2018-09-12 06:16:23', '2018-09-12 06:16:23', 'Finished'),
(12205, 94, 62, '94_1_0538.jpg', '94_1_0538', '1', '2018-09-12 06:16:23', '2018-09-12 06:16:23', 'Finished'),
(12206, 94, 62, '94_1_0539.jpg', '94_1_0539', '1', '2018-09-12 06:16:23', '2018-09-12 06:16:23', 'Finished'),
(12207, 94, 62, '94_1_0540.jpg', '94_1_0540', '1', '2018-09-12 06:16:23', '2018-09-12 06:16:23', 'Finished'),
(12208, 94, 62, '94_1_0541.jpg', '94_1_0541', '1', '2018-09-12 06:16:23', '2018-09-12 06:16:23', 'Finished'),
(12209, 94, 62, '94_1_0542.jpg', '94_1_0542', '1', '2018-09-12 06:16:23', '2018-09-12 06:16:23', 'Finished'),
(12210, 94, 62, '94_1_0543.jpg', '94_1_0543', '1', '2018-09-12 06:16:23', '2018-09-12 06:16:23', 'Finished'),
(12211, 94, 62, '94_1_0544.jpg', '94_1_0544', '1', '2018-09-12 06:16:23', '2018-09-12 06:16:23', 'Finished'),
(12212, 94, 62, '94_1_0545.jpg', '94_1_0545', '1', '2018-09-12 06:16:23', '2018-09-12 06:16:23', 'Finished'),
(12213, 94, 62, '94_1_0546.jpg', '94_1_0546', '1', '2018-09-12 06:16:23', '2018-09-12 06:16:23', 'Finished'),
(12214, 94, 62, '94_1_0547.jpg', '94_1_0547', '1', '2018-09-12 06:16:23', '2018-09-12 06:16:23', 'Finished'),
(12215, 94, 62, '94_1_0548.jpg', '94_1_0548', '1', '2018-09-12 06:16:23', '2018-09-12 06:16:23', 'Finished'),
(12216, 94, 62, '94_1_0549.jpg', '94_1_0549', '1', '2018-09-12 06:16:23', '2018-09-12 06:16:23', 'Finished'),
(12217, 94, 62, '94_1_0550.jpg', '94_1_0550', '1', '2018-09-12 06:16:23', '2018-09-12 06:16:23', 'Finished'),
(12218, 94, 62, '94_1_0551.jpg', '94_1_0551', '1', '2018-09-12 06:16:23', '2018-09-12 06:16:23', 'Finished'),
(12219, 94, 62, '94_1_0552.jpg', '94_1_0552', '1', '2018-09-12 06:16:23', '2018-09-12 06:16:23', 'Finished'),
(12220, 94, 62, '94_1_0553.jpg', '94_1_0553', '1', '2018-09-12 06:16:23', '2018-09-12 06:16:23', 'Finished'),
(12221, 94, 62, '94_1_0554.jpg', '94_1_0554', '1', '2018-09-12 06:16:23', '2018-09-12 06:16:23', 'Finished'),
(12222, 94, 62, '94_1_0555.jpg', '94_1_0555', '1', '2018-09-12 06:16:23', '2018-09-12 06:16:23', 'Finished'),
(12223, 94, 62, '94_1_0556.jpg', '94_1_0556', '1', '2018-09-12 06:16:23', '2018-09-12 06:16:23', 'Finished'),
(12224, 94, 62, '94_1_0557.jpg', '94_1_0557', '1', '2018-09-12 06:16:23', '2018-09-12 06:16:23', 'Finished'),
(12225, 94, 62, '94_1_0558.jpg', '94_1_0558', '1', '2018-09-12 06:16:23', '2018-09-12 06:16:23', 'Finished'),
(12226, 94, 62, '94_1_0559.jpg', '94_1_0559', '1', '2018-09-12 06:16:23', '2018-09-12 06:16:23', 'Finished'),
(12227, 94, 62, '94_1_0560.jpg', '94_1_0560', '1', '2018-09-12 06:16:23', '2018-09-12 06:16:23', 'Finished'),
(12228, 94, 62, '94_1_0561.jpg', '94_1_0561', '1', '2018-09-12 06:16:23', '2018-09-12 06:16:23', 'Finished'),
(12229, 94, 62, '94_1_0562.jpg', '94_1_0562', '1', '2018-09-12 06:16:23', '2018-09-12 06:16:23', 'Finished'),
(12230, 94, 62, '94_1_0563.jpg', '94_1_0563', '1', '2018-09-12 06:16:23', '2018-09-12 06:16:23', 'Finished'),
(12231, 94, 62, '94_1_0564.jpg', '94_1_0564', '1', '2018-09-12 06:16:23', '2018-09-12 06:16:23', 'Finished'),
(12232, 94, 62, '94_1_0565.jpg', '94_1_0565', '1', '2018-09-12 06:16:23', '2018-09-12 06:16:23', 'Finished'),
(12233, 94, 62, '94_1_0566.jpg', '94_1_0566', '1', '2018-09-12 06:16:23', '2018-09-12 06:16:23', 'Finished'),
(12234, 94, 62, '94_1_0567.jpg', '94_1_0567', '1', '2018-09-12 06:16:24', '2018-09-12 06:16:24', 'Finished'),
(12235, 94, 62, '94_1_0568.jpg', '94_1_0568', '1', '2018-09-12 06:16:24', '2018-09-12 06:16:24', 'Finished'),
(12236, 94, 62, '94_1_0569.jpg', '94_1_0569', '1', '2018-09-12 06:16:24', '2018-09-12 06:16:24', 'Finished'),
(12237, 94, 62, '94_1_0570.jpg', '94_1_0570', '1', '2018-09-12 06:16:24', '2018-09-12 06:16:24', 'Finished'),
(12238, 94, 62, '94_1_0571.jpg', '94_1_0571', '1', '2018-09-12 06:16:24', '2018-09-12 06:16:24', 'Finished'),
(12239, 94, 62, '94_1_0572.jpg', '94_1_0572', '1', '2018-09-12 06:16:24', '2018-09-12 06:16:24', 'Finished'),
(12240, 94, 62, '94_1_0573.jpg', '94_1_0573', '1', '2018-09-12 06:16:24', '2018-09-12 06:16:24', 'Finished'),
(12241, 94, 62, '94_1_0574.jpg', '94_1_0574', '1', '2018-09-12 06:16:24', '2018-09-12 06:16:24', 'Finished'),
(12242, 94, 62, '94_1_0575.jpg', '94_1_0575', '1', '2018-09-12 06:16:24', '2018-09-12 06:16:24', 'Finished'),
(12243, 94, 62, '94_1_0576.jpg', '94_1_0576', '1', '2018-09-12 06:16:24', '2018-09-12 06:16:24', 'Finished'),
(12244, 94, 62, '94_1_0577.jpg', '94_1_0577', '1', '2018-09-12 06:16:24', '2018-09-12 06:16:24', 'Finished'),
(12245, 94, 62, '94_1_0578.jpg', '94_1_0578', '1', '2018-09-12 06:16:24', '2018-09-12 06:16:24', 'Finished'),
(12246, 94, 62, '94_1_0579.jpg', '94_1_0579', '1', '2018-09-12 06:16:24', '2018-09-12 06:16:24', 'Finished'),
(12247, 94, 62, '94_1_0580.jpg', '94_1_0580', '1', '2018-09-12 06:16:24', '2018-09-12 06:16:24', 'Finished'),
(12248, 94, 62, '94_1_0581.jpg', '94_1_0581', '1', '2018-09-12 06:16:24', '2018-09-12 06:16:24', 'Finished'),
(12249, 94, 62, '94_1_0582.jpg', '94_1_0582', '1', '2018-09-12 06:16:24', '2018-09-12 06:16:24', 'Finished'),
(12250, 94, 62, '94_1_0583.jpg', '94_1_0583', '1', '2018-09-12 06:16:24', '2018-09-12 06:16:24', 'Finished'),
(12251, 94, 62, '94_1_0584.jpg', '94_1_0584', '1', '2018-09-12 06:16:24', '2018-09-12 06:16:24', 'Finished'),
(12252, 94, 62, '94_1_0585.jpg', '94_1_0585', '1', '2018-09-12 06:16:24', '2018-09-12 06:16:24', 'Finished'),
(12253, 94, 62, '94_1_0586.jpg', '94_1_0586', '1', '2018-09-12 06:16:24', '2018-09-12 06:16:24', 'Finished'),
(12254, 94, 62, '94_1_0587.jpg', '94_1_0587', '1', '2018-09-12 06:16:24', '2018-09-12 06:16:24', 'Finished'),
(12255, 94, 62, '94_1_0588.jpg', '94_1_0588', '1', '2018-09-12 06:16:24', '2018-09-12 06:16:24', 'Finished'),
(12256, 94, 62, '94_1_0589.jpg', '94_1_0589', '1', '2018-09-12 06:16:24', '2018-09-12 06:16:24', 'Finished'),
(12257, 94, 62, '94_1_0590.jpg', '94_1_0590', '1', '2018-09-12 06:16:24', '2018-09-12 06:16:24', 'Finished'),
(12258, 94, 62, '94_1_0591.jpg', '94_1_0591', '1', '2018-09-12 06:16:24', '2018-09-12 06:16:24', 'Finished'),
(12259, 94, 62, '94_1_0592.jpg', '94_1_0592', '1', '2018-09-12 06:16:24', '2018-09-12 06:16:24', 'Finished'),
(12260, 94, 62, '94_1_0593.jpg', '94_1_0593', '1', '2018-09-12 06:16:24', '2018-09-12 06:16:24', 'Finished'),
(12261, 94, 62, '94_1_0594.jpg', '94_1_0594', '1', '2018-09-12 06:16:24', '2018-09-12 06:16:24', 'Finished'),
(12262, 94, 62, '94_1_0595.jpg', '94_1_0595', '1', '2018-09-12 06:16:24', '2018-09-12 06:16:24', 'Finished'),
(12263, 94, 62, '94_1_0596.jpg', '94_1_0596', '1', '2018-09-12 06:16:24', '2018-09-12 06:16:24', 'Finished'),
(12264, 94, 62, '94_1_0597.jpg', '94_1_0597', '1', '2018-09-12 06:16:24', '2018-09-12 06:16:24', 'Finished'),
(12265, 94, 62, '94_1_0598.jpg', '94_1_0598', '1', '2018-09-12 06:16:24', '2018-09-12 06:16:24', 'Finished'),
(12266, 94, 62, '94_1_0599.jpg', '94_1_0599', '1', '2018-09-12 06:16:24', '2018-09-12 06:16:24', 'Finished'),
(12267, 94, 62, '94_1_0600.jpg', '94_1_0600', '1', '2018-09-12 06:16:24', '2018-09-12 06:16:24', 'Finished'),
(12268, 94, 62, '94_1_0601.jpg', '94_1_0601', '1', '2018-09-12 06:16:24', '2018-09-12 06:16:24', 'Finished'),
(12269, 94, 62, '94_1_0602.jpg', '94_1_0602', '1', '2018-09-12 06:16:24', '2018-09-12 06:16:24', 'Finished'),
(12270, 94, 62, '94_1_0603.jpg', '94_1_0603', '1', '2018-09-12 06:16:24', '2018-09-12 06:16:24', 'Finished'),
(12271, 94, 62, '94_1_0604.jpg', '94_1_0604', '1', '2018-09-12 06:16:24', '2018-09-12 06:16:24', 'Finished'),
(12272, 94, 62, '94_1_0605.jpg', '94_1_0605', '1', '2018-09-12 06:16:25', '2018-09-12 06:16:25', 'Finished'),
(12273, 94, 62, '94_1_0606.jpg', '94_1_0606', '1', '2018-09-12 06:16:25', '2018-09-12 06:16:25', 'Finished'),
(12274, 94, 62, '94_1_0607.jpg', '94_1_0607', '1', '2018-09-12 06:16:25', '2018-09-12 06:16:25', 'Finished'),
(12275, 94, 62, '94_1_0608.jpg', '94_1_0608', '1', '2018-09-12 06:16:25', '2018-09-12 06:16:25', 'Finished'),
(12276, 94, 62, '94_1_0609.jpg', '94_1_0609', '1', '2018-09-12 06:16:25', '2018-09-12 06:16:25', 'Finished'),
(12277, 94, 62, '94_1_0610.jpg', '94_1_0610', '1', '2018-09-12 06:16:25', '2018-09-12 06:16:25', 'Finished'),
(12278, 94, 62, '94_1_0611.jpg', '94_1_0611', '1', '2018-09-12 06:16:25', '2018-09-12 06:16:25', 'Finished'),
(12279, 94, 62, '94_1_0612.jpg', '94_1_0612', '1', '2018-09-12 06:16:25', '2018-09-12 06:16:25', 'Finished'),
(12280, 94, 62, '94_1_0613.jpg', '94_1_0613', '1', '2018-09-12 06:16:25', '2018-09-12 06:16:25', 'Finished'),
(12281, 94, 62, '94_1_0614.jpg', '94_1_0614', '1', '2018-09-12 06:16:25', '2018-09-12 06:16:25', 'Finished'),
(12282, 94, 62, '94_1_0615.jpg', '94_1_0615', '1', '2018-09-12 06:16:25', '2018-09-12 06:16:25', 'Finished'),
(12283, 94, 62, '94_1_0616.jpg', '94_1_0616', '1', '2018-09-12 06:16:25', '2018-09-12 06:16:25', 'Finished'),
(12284, 94, 62, '94_1_0617.jpg', '94_1_0617', '1', '2018-09-12 06:16:25', '2018-09-12 06:16:25', 'Finished'),
(12285, 94, 62, '94_1_0618.jpg', '94_1_0618', '1', '2018-09-12 06:16:25', '2018-09-12 06:16:25', 'Finished'),
(12286, 94, 62, '94_1_0619.jpg', '94_1_0619', '1', '2018-09-12 06:16:25', '2018-09-12 06:16:25', 'Finished'),
(12287, 94, 62, '94_1_0620.jpg', '94_1_0620', '1', '2018-09-12 06:16:25', '2018-09-12 06:16:25', 'Finished'),
(12288, 94, 62, '94_1_0621.jpg', '94_1_0621', '1', '2018-09-12 06:16:25', '2018-09-12 06:16:25', 'Finished'),
(12289, 94, 62, '94_1_0622.jpg', '94_1_0622', '1', '2018-09-12 06:16:25', '2018-09-12 06:16:25', 'Finished'),
(12290, 94, 62, '94_1_0623.jpg', '94_1_0623', '1', '2018-09-12 06:16:25', '2018-09-12 06:16:25', 'Finished'),
(12291, 94, 62, '94_1_0624.jpg', '94_1_0624', '1', '2018-09-12 06:16:25', '2018-09-12 06:16:25', 'Finished'),
(12292, 94, 62, '94_1_0625.jpg', '94_1_0625', '1', '2018-09-12 06:16:25', '2018-09-12 06:16:25', 'Finished'),
(12293, 94, 62, '94_1_0626.jpg', '94_1_0626', '1', '2018-09-12 06:16:25', '2018-09-12 06:16:25', 'Finished'),
(12294, 94, 62, '94_1_0627.jpg', '94_1_0627', '1', '2018-09-12 06:16:25', '2018-09-12 06:16:25', 'Finished'),
(12295, 94, 62, '94_1_0628.jpg', '94_1_0628', '1', '2018-09-12 06:16:25', '2018-09-12 06:16:25', 'Finished'),
(12296, 94, 62, '94_1_0629.jpg', '94_1_0629', '1', '2018-09-12 06:16:25', '2018-09-12 06:16:25', 'Finished'),
(12297, 94, 62, '94_1_0630.jpg', '94_1_0630', '1', '2018-09-12 06:16:25', '2018-09-12 06:16:25', 'Finished'),
(12298, 94, 62, '94_1_0631.jpg', '94_1_0631', '1', '2018-09-12 06:16:25', '2018-09-12 06:16:25', 'Finished'),
(12299, 94, 62, '94_1_0632.jpg', '94_1_0632', '1', '2018-09-12 06:16:25', '2018-09-12 06:16:25', 'Finished'),
(12300, 94, 62, '94_1_0633.jpg', '94_1_0633', '1', '2018-09-12 06:16:25', '2018-09-12 06:16:25', 'Finished'),
(12301, 94, 62, '94_1_0634.jpg', '94_1_0634', '1', '2018-09-12 06:16:25', '2018-09-12 06:16:25', 'Finished'),
(12302, 94, 62, '94_1_0635.jpg', '94_1_0635', '1', '2018-09-12 06:16:25', '2018-09-12 06:16:25', 'Finished'),
(12303, 94, 62, '94_1_0636.jpg', '94_1_0636', '1', '2018-09-12 06:16:25', '2018-09-12 06:16:25', 'Finished'),
(12304, 94, 62, '94_1_0637.jpg', '94_1_0637', '1', '2018-09-12 06:16:25', '2018-09-12 06:16:25', 'Finished'),
(12305, 98, 63, '98_2_0001.jpg', '98_2_0001', '2', '2018-09-12 08:04:21', '2018-09-12 08:04:21', 'Finished'),
(12306, 98, 63, '98_2_0002.jpg', '98_2_0002', '2', '2018-09-12 08:04:21', '2018-09-12 08:04:21', 'Finished'),
(12307, 98, 63, '98_2_0003.jpg', '98_2_0003', '2', '2018-09-12 08:04:21', '2018-09-12 08:04:21', 'Finished'),
(12308, 98, 63, '98_2_0004.jpg', '98_2_0004', '2', '2018-09-12 08:04:22', '2018-09-12 08:04:22', 'Finished'),
(12309, 98, 63, '98_2_0005.jpg', '98_2_0005', '2', '2018-09-12 08:04:22', '2018-09-12 08:04:22', 'Finished'),
(12310, 98, 63, '98_2_0006.jpg', '98_2_0006', '2', '2018-09-12 08:04:22', '2018-09-12 08:04:22', 'Finished'),
(12311, 98, 63, '98_2_0007.jpg', '98_2_0007', '2', '2018-09-12 08:04:23', '2018-09-12 08:04:23', 'Finished'),
(12312, 98, 63, '98_2_0008.jpg', '98_2_0008', '2', '2018-09-12 08:04:23', '2018-09-12 08:04:23', 'Finished'),
(12313, 98, 63, '98_2_0009.jpg', '98_2_0009', '2', '2018-09-12 08:04:23', '2018-09-12 08:04:23', 'Finished'),
(12314, 98, 63, '98_2_0010.jpg', '98_2_0010', '2', '2018-09-12 08:04:24', '2018-09-12 08:04:24', 'Finished'),
(12315, 98, 63, '98_2_0011.jpg', '98_2_0011', '2', '2018-09-12 08:04:24', '2018-09-12 08:04:24', 'Finished'),
(12316, 98, 63, '98_2_0012.jpg', '98_2_0012', '2', '2018-09-12 08:04:24', '2018-09-12 08:04:24', 'Finished'),
(12317, 98, 63, '98_2_0013.jpg', '98_2_0013', '2', '2018-09-12 08:04:25', '2018-09-12 08:04:25', 'Finished'),
(12318, 98, 63, '98_2_0014.jpg', '98_2_0014', '2', '2018-09-12 08:04:25', '2018-09-12 08:04:25', 'Finished'),
(12319, 98, 63, '98_2_0015.jpg', '98_2_0015', '2', '2018-09-12 08:04:25', '2018-09-12 08:04:25', 'Finished'),
(12320, 98, 63, '98_2_0016.jpg', '98_2_0016', '2', '2018-09-12 08:04:25', '2018-09-12 08:04:25', 'Finished'),
(12321, 98, 63, '98_2_0017.jpg', '98_2_0017', '2', '2018-09-12 08:04:25', '2018-09-12 08:04:25', 'Finished'),
(12322, 98, 63, '98_2_0018.jpg', '98_2_0018', '2', '2018-09-12 08:04:26', '2018-09-12 08:04:26', 'Finished'),
(12323, 98, 63, '98_2_0019.jpg', '98_2_0019', '2', '2018-09-12 08:04:26', '2018-09-12 08:04:26', 'Finished'),
(12324, 98, 63, '98_2_0020.jpg', '98_2_0020', '2', '2018-09-12 08:04:26', '2018-09-12 08:04:26', 'Finished'),
(12325, 98, 63, '98_2_0021.jpg', '98_2_0021', '2', '2018-09-12 08:04:26', '2018-09-12 08:04:26', 'Finished'),
(12326, 98, 63, '98_2_0022.jpg', '98_2_0022', '2', '2018-09-12 08:04:27', '2018-09-12 08:04:27', 'Finished'),
(12327, 98, 63, '98_2_0023.jpg', '98_2_0023', '2', '2018-09-12 08:04:27', '2018-09-12 08:04:27', 'Finished'),
(12328, 98, 63, '98_2_0024.jpg', '98_2_0024', '2', '2018-09-12 08:04:27', '2018-09-12 08:04:27', 'Finished'),
(12329, 98, 63, '98_2_0025.jpg', '98_2_0025', '2', '2018-09-12 08:04:27', '2018-09-12 08:04:27', 'Finished'),
(12330, 98, 63, '98_2_0026.jpg', '98_2_0026', '2', '2018-09-12 08:04:28', '2018-09-12 08:04:28', 'Finished'),
(12331, 98, 63, '98_2_0027.jpg', '98_2_0027', '2', '2018-09-12 08:04:28', '2018-09-12 08:04:28', 'Finished'),
(12332, 98, 63, '98_2_0028.jpg', '98_2_0028', '2', '2018-09-12 08:04:28', '2018-09-12 08:04:28', 'Finished'),
(12333, 98, 63, '98_2_0029.jpg', '98_2_0029', '2', '2018-09-12 08:04:28', '2018-09-12 08:04:28', 'Finished'),
(12334, 98, 63, '98_2_0030.jpg', '98_2_0030', '2', '2018-09-12 08:04:29', '2018-09-12 08:04:29', 'Finished'),
(12335, 98, 63, '98_2_0031.jpg', '98_2_0031', '2', '2018-09-12 08:04:29', '2018-09-12 08:04:29', 'Finished'),
(12336, 98, 63, '98_2_0032.jpg', '98_2_0032', '2', '2018-09-12 08:04:29', '2018-09-12 08:04:29', 'Finished'),
(12337, 98, 63, '98_2_0033.jpg', '98_2_0033', '2', '2018-09-12 08:04:29', '2018-09-12 08:04:29', 'Finished'),
(12338, 98, 63, '98_2_0034.jpg', '98_2_0034', '2', '2018-09-12 08:04:30', '2018-09-12 08:04:30', 'Finished'),
(12339, 98, 63, '98_2_0035.jpg', '98_2_0035', '2', '2018-09-12 08:04:30', '2018-09-12 08:04:30', 'Finished'),
(12340, 98, 63, '98_2_0036.jpg', '98_2_0036', '2', '2018-09-12 08:04:30', '2018-09-12 08:04:30', 'Finished'),
(12341, 98, 63, '98_2_0037.jpg', '98_2_0037', '2', '2018-09-12 08:04:30', '2018-09-12 08:04:30', 'Finished'),
(12342, 98, 63, '98_2_0038.jpg', '98_2_0038', '2', '2018-09-12 08:04:31', '2018-09-12 08:04:31', 'Finished'),
(12343, 98, 63, '98_2_0039.jpg', '98_2_0039', '2', '2018-09-12 08:04:31', '2018-09-12 08:04:31', 'Finished'),
(12344, 98, 63, '98_2_0040.jpg', '98_2_0040', '2', '2018-09-12 08:04:31', '2018-09-12 08:04:31', 'Finished'),
(12345, 98, 63, '98_2_0041.jpg', '98_2_0041', '2', '2018-09-12 08:04:31', '2018-09-12 08:04:31', 'Finished'),
(12346, 98, 63, '98_2_0042.jpg', '98_2_0042', '2', '2018-09-12 08:04:32', '2018-09-12 08:04:32', 'Finished'),
(12347, 98, 63, '98_2_0043.jpg', '98_2_0043', '2', '2018-09-12 08:04:32', '2018-09-12 08:04:32', 'Finished'),
(12348, 98, 63, '98_2_0044.jpg', '98_2_0044', '2', '2018-09-12 08:04:32', '2018-09-12 08:04:32', 'Finished'),
(12349, 98, 63, '98_2_0045.jpg', '98_2_0045', '2', '2018-09-12 08:04:32', '2018-09-12 08:04:32', 'Finished'),
(12350, 98, 63, '98_2_0046.jpg', '98_2_0046', '2', '2018-09-12 08:04:33', '2018-09-12 08:04:33', 'Finished'),
(12351, 98, 63, '98_2_0047.jpg', '98_2_0047', '2', '2018-09-12 08:04:33', '2018-09-12 08:04:33', 'Finished'),
(12352, 98, 63, '98_2_0048.jpg', '98_2_0048', '2', '2018-09-12 08:04:33', '2018-09-12 08:04:33', 'Finished'),
(12353, 98, 63, '98_2_0049.jpg', '98_2_0049', '2', '2018-09-12 08:04:33', '2018-09-12 08:04:33', 'Finished'),
(12354, 98, 63, '98_2_0050.jpg', '98_2_0050', '2', '2018-09-12 08:04:34', '2018-09-12 08:04:34', 'Finished'),
(12355, 98, 63, '98_2_0051.jpg', '98_2_0051', '2', '2018-09-12 08:04:34', '2018-09-12 08:04:34', 'Finished'),
(12356, 98, 63, '98_2_0052.jpg', '98_2_0052', '2', '2018-09-12 08:04:34', '2018-09-12 08:04:34', 'Finished'),
(12357, 98, 63, '98_2_0053.jpg', '98_2_0053', '2', '2018-09-12 08:04:34', '2018-09-12 08:04:34', 'Finished'),
(12358, 98, 63, '98_2_0054.jpg', '98_2_0054', '2', '2018-09-12 08:04:35', '2018-09-12 08:04:35', 'Finished'),
(12359, 98, 63, '98_2_0055.jpg', '98_2_0055', '2', '2018-09-12 08:04:35', '2018-09-12 08:04:35', 'Finished'),
(12360, 98, 63, '98_2_0056.jpg', '98_2_0056', '2', '2018-09-12 08:04:35', '2018-09-12 08:04:35', 'Finished'),
(12361, 98, 63, '98_2_0057.jpg', '98_2_0057', '2', '2018-09-12 08:04:35', '2018-09-12 08:04:35', 'Finished'),
(12362, 98, 63, '98_2_0058.jpg', '98_2_0058', '2', '2018-09-12 08:04:36', '2018-09-12 08:04:36', 'Finished'),
(12363, 98, 63, '98_2_0059.jpg', '98_2_0059', '2', '2018-09-12 08:04:36', '2018-09-12 08:04:36', 'Finished'),
(12364, 98, 63, '98_2_0060.jpg', '98_2_0060', '2', '2018-09-12 08:04:36', '2018-09-12 08:04:36', 'Finished'),
(12365, 98, 63, '98_2_0061.jpg', '98_2_0061', '2', '2018-09-12 08:04:36', '2018-09-12 08:04:36', 'Finished'),
(12366, 98, 63, '98_2_0062.jpg', '98_2_0062', '2', '2018-09-12 08:04:37', '2018-09-12 08:04:37', 'Finished'),
(12367, 98, 63, '98_2_0063.jpg', '98_2_0063', '2', '2018-09-12 08:04:37', '2018-09-12 08:04:37', 'Finished'),
(12368, 98, 63, '98_2_0064.jpg', '98_2_0064', '2', '2018-09-12 08:04:37', '2018-09-12 08:04:37', 'Finished'),
(12369, 98, 63, '98_2_0065.jpg', '98_2_0065', '2', '2018-09-12 08:04:37', '2018-09-12 08:04:37', 'Finished'),
(12370, 98, 63, '98_2_0066.jpg', '98_2_0066', '2', '2018-09-12 08:04:38', '2018-09-12 08:04:38', 'Finished'),
(12371, 98, 63, '98_2_0067.jpg', '98_2_0067', '2', '2018-09-12 08:04:38', '2018-09-12 08:04:38', 'Finished'),
(12372, 98, 63, '98_2_0068.jpg', '98_2_0068', '2', '2018-09-12 08:04:38', '2018-09-12 08:04:38', 'Finished'),
(12373, 98, 63, '98_2_0069.jpg', '98_2_0069', '2', '2018-09-12 08:04:38', '2018-09-12 08:04:38', 'Finished'),
(12374, 98, 63, '98_2_0070.jpg', '98_2_0070', '2', '2018-09-12 08:04:39', '2018-09-12 08:04:39', 'Finished'),
(12375, 98, 63, '98_2_0071.jpg', '98_2_0071', '2', '2018-09-12 08:04:39', '2018-09-12 08:04:39', 'Finished'),
(12376, 98, 63, '98_2_0072.jpg', '98_2_0072', '2', '2018-09-12 08:04:39', '2018-09-12 08:04:39', 'Finished'),
(12377, 98, 63, '98_2_0073.jpg', '98_2_0073', '2', '2018-09-12 08:04:39', '2018-09-12 08:04:39', 'Finished'),
(12378, 98, 63, '98_2_0074.jpg', '98_2_0074', '2', '2018-09-12 08:04:40', '2018-09-12 08:04:40', 'Finished'),
(12379, 98, 63, '98_2_0075.jpg', '98_2_0075', '2', '2018-09-12 08:04:40', '2018-09-12 08:04:40', 'Finished'),
(12380, 98, 63, '98_2_0076.jpg', '98_2_0076', '2', '2018-09-12 08:04:40', '2018-09-12 08:04:40', 'Finished'),
(12381, 98, 63, '98_2_0077.jpg', '98_2_0077', '2', '2018-09-12 08:04:40', '2018-09-12 08:04:40', 'Finished'),
(12382, 98, 63, '98_2_0078.jpg', '98_2_0078', '2', '2018-09-12 08:04:41', '2018-09-12 08:04:41', 'Finished'),
(12383, 98, 63, '98_2_0079.jpg', '98_2_0079', '2', '2018-09-12 08:04:41', '2018-09-12 08:04:41', 'Finished'),
(12384, 98, 63, '98_2_0080.jpg', '98_2_0080', '2', '2018-09-12 08:04:41', '2018-09-12 08:04:41', 'Finished'),
(12385, 98, 63, '98_2_0081.jpg', '98_2_0081', '2', '2018-09-12 08:04:41', '2018-09-12 08:04:41', 'Finished'),
(12386, 98, 63, '98_2_0082.jpg', '98_2_0082', '2', '2018-09-12 08:04:41', '2018-09-12 08:04:41', 'Finished'),
(12387, 98, 63, '98_2_0083.jpg', '98_2_0083', '2', '2018-09-12 08:04:42', '2018-09-12 08:04:42', 'Finished'),
(12388, 98, 63, '98_2_0084.jpg', '98_2_0084', '2', '2018-09-12 08:04:42', '2018-09-12 08:04:42', 'Finished'),
(12389, 98, 63, '98_2_0085.jpg', '98_2_0085', '2', '2018-09-12 08:04:42', '2018-09-12 08:04:42', 'Finished'),
(12390, 98, 63, '98_2_0086.jpg', '98_2_0086', '2', '2018-09-12 08:04:42', '2018-09-12 08:04:42', 'Finished'),
(12391, 98, 63, '98_2_0087.jpg', '98_2_0087', '2', '2018-09-12 08:04:43', '2018-09-12 08:04:43', 'Finished'),
(12392, 98, 63, '98_2_0088.jpg', '98_2_0088', '2', '2018-09-12 08:04:43', '2018-09-12 08:04:43', 'Finished'),
(12393, 98, 63, '98_2_0089.jpg', '98_2_0089', '2', '2018-09-12 08:04:43', '2018-09-12 08:04:43', 'Finished'),
(12394, 98, 63, '98_2_0090.jpg', '98_2_0090', '2', '2018-09-12 08:04:43', '2018-09-12 08:04:43', 'Finished'),
(12395, 98, 63, '98_2_0091.jpg', '98_2_0091', '2', '2018-09-12 08:04:43', '2018-09-12 08:04:43', 'Finished'),
(12396, 98, 63, '98_2_0092.jpg', '98_2_0092', '2', '2018-09-12 08:04:44', '2018-09-12 08:04:44', 'Finished'),
(12397, 98, 63, '98_2_0093.jpg', '98_2_0093', '2', '2018-09-12 08:04:44', '2018-09-12 08:04:44', 'Finished'),
(12398, 98, 63, '98_2_0094.jpg', '98_2_0094', '2', '2018-09-12 08:04:44', '2018-09-12 08:04:44', 'Finished'),
(12399, 98, 63, '98_2_0095.jpg', '98_2_0095', '2', '2018-09-12 08:04:44', '2018-09-12 08:04:44', 'Finished'),
(12400, 98, 63, '98_2_0096.jpg', '98_2_0096', '2', '2018-09-12 08:04:44', '2018-09-12 08:04:44', 'Finished'),
(12401, 98, 63, '98_2_0097.jpg', '98_2_0097', '2', '2018-09-12 08:04:44', '2018-09-12 08:04:44', 'Finished'),
(12402, 98, 63, '98_2_0098.jpg', '98_2_0098', '2', '2018-09-12 08:04:44', '2018-09-12 08:04:44', 'Finished'),
(12403, 98, 63, '98_2_0099.jpg', '98_2_0099', '2', '2018-09-12 08:04:45', '2018-09-12 08:04:45', 'Finished'),
(12404, 98, 63, '98_2_0100.jpg', '98_2_0100', '2', '2018-09-12 08:04:45', '2018-09-12 08:04:45', 'Finished'),
(12405, 98, 63, '98_2_0101.jpg', '98_2_0101', '2', '2018-09-12 08:04:45', '2018-09-12 08:04:45', 'Finished'),
(12406, 98, 63, '98_2_0102.jpg', '98_2_0102', '2', '2018-09-12 08:04:45', '2018-09-12 08:04:45', 'Finished'),
(12407, 98, 63, '98_2_0103.jpg', '98_2_0103', '2', '2018-09-12 08:04:45', '2018-09-12 08:04:45', 'Finished'),
(12408, 98, 63, '98_2_0104.jpg', '98_2_0104', '2', '2018-09-12 08:04:45', '2018-09-12 08:04:45', 'Finished'),
(12409, 98, 63, '98_2_0105.jpg', '98_2_0105', '2', '2018-09-12 08:04:45', '2018-09-12 08:04:45', 'Finished'),
(12410, 98, 63, '98_2_0106.jpg', '98_2_0106', '2', '2018-09-12 08:04:46', '2018-09-12 08:04:46', 'Finished'),
(12411, 98, 63, '98_2_0107.jpg', '98_2_0107', '2', '2018-09-12 08:04:46', '2018-09-12 08:04:46', 'Finished'),
(12412, 98, 63, '98_2_0108.jpg', '98_2_0108', '2', '2018-09-12 08:04:46', '2018-09-12 08:04:46', 'Finished'),
(12413, 98, 63, '98_2_0109.jpg', '98_2_0109', '2', '2018-09-12 08:04:46', '2018-09-12 08:04:46', 'Finished'),
(12414, 98, 63, '98_2_0110.jpg', '98_2_0110', '2', '2018-09-12 08:04:46', '2018-09-12 08:04:46', 'Finished'),
(12415, 98, 63, '98_2_0111.jpg', '98_2_0111', '2', '2018-09-12 08:04:46', '2018-09-12 08:04:46', 'Finished'),
(12416, 98, 63, '98_2_0112.jpg', '98_2_0112', '2', '2018-09-12 08:04:47', '2018-09-12 08:04:47', 'Finished'),
(12417, 98, 63, '98_2_0113.jpg', '98_2_0113', '2', '2018-09-12 08:04:47', '2018-09-12 08:04:47', 'Finished'),
(12418, 98, 63, '98_2_0114.jpg', '98_2_0114', '2', '2018-09-12 08:04:47', '2018-09-12 08:04:47', 'Finished'),
(12419, 98, 63, '98_2_0115.jpg', '98_2_0115', '2', '2018-09-12 08:04:47', '2018-09-12 08:04:47', 'Finished'),
(12420, 98, 63, '98_2_0116.jpg', '98_2_0116', '2', '2018-09-12 08:04:47', '2018-09-12 08:04:47', 'Finished'),
(12421, 98, 63, '98_2_0117.jpg', '98_2_0117', '2', '2018-09-12 08:04:47', '2018-09-12 08:04:47', 'Finished'),
(12422, 98, 63, '98_2_0118.jpg', '98_2_0118', '2', '2018-09-12 08:04:47', '2018-09-12 08:04:47', 'Finished'),
(12423, 98, 63, '98_2_0119.jpg', '98_2_0119', '2', '2018-09-12 08:04:48', '2018-09-12 08:04:48', 'Finished'),
(12424, 98, 63, '98_2_0120.jpg', '98_2_0120', '2', '2018-09-12 08:04:48', '2018-09-12 08:04:48', 'Finished'),
(12425, 98, 63, '98_2_0121.jpg', '98_2_0121', '2', '2018-09-12 08:04:48', '2018-09-12 08:04:48', 'Finished'),
(12426, 98, 63, '98_2_0122.jpg', '98_2_0122', '2', '2018-09-12 08:04:48', '2018-09-12 08:04:48', 'Finished'),
(12427, 98, 63, '98_2_0123.jpg', '98_2_0123', '2', '2018-09-12 08:04:48', '2018-09-12 08:04:48', 'Finished'),
(12428, 98, 63, '98_2_0124.jpg', '98_2_0124', '2', '2018-09-12 08:04:48', '2018-09-12 08:04:48', 'Finished'),
(12429, 98, 63, '98_2_0125.jpg', '98_2_0125', '2', '2018-09-12 08:04:48', '2018-09-12 08:04:48', 'Finished'),
(12430, 98, 63, '98_2_0126.jpg', '98_2_0126', '2', '2018-09-12 08:04:48', '2018-09-12 08:04:48', 'Finished'),
(12431, 98, 63, '98_2_0127.jpg', '98_2_0127', '2', '2018-09-12 08:04:49', '2018-09-12 08:04:49', 'Finished'),
(12432, 98, 63, '98_2_0128.jpg', '98_2_0128', '2', '2018-09-12 08:04:49', '2018-09-12 08:04:49', 'Finished'),
(12433, 98, 63, '98_2_0129.jpg', '98_2_0129', '2', '2018-09-12 08:04:49', '2018-09-12 08:04:49', 'Finished'),
(12434, 98, 63, '98_2_0130.jpg', '98_2_0130', '2', '2018-09-12 08:04:49', '2018-09-12 08:04:49', 'Finished'),
(12435, 98, 63, '98_2_0131.jpg', '98_2_0131', '2', '2018-09-12 08:04:49', '2018-09-12 08:04:49', 'Finished'),
(12436, 98, 63, '98_2_0132.jpg', '98_2_0132', '2', '2018-09-12 08:04:49', '2018-09-12 08:04:49', 'Finished'),
(12437, 98, 63, '98_2_0133.jpg', '98_2_0133', '2', '2018-09-12 08:04:50', '2018-09-12 08:04:50', 'Finished'),
(12438, 98, 63, '98_2_0134.jpg', '98_2_0134', '2', '2018-09-12 08:04:50', '2018-09-12 08:04:50', 'Finished'),
(12439, 98, 63, '98_2_0135.jpg', '98_2_0135', '2', '2018-09-12 08:04:50', '2018-09-12 08:04:50', 'Finished'),
(12440, 98, 63, '98_2_0136.jpg', '98_2_0136', '2', '2018-09-12 08:04:50', '2018-09-12 08:04:50', 'Finished'),
(12441, 98, 63, '98_2_0137.jpg', '98_2_0137', '2', '2018-09-12 08:04:50', '2018-09-12 08:04:50', 'Finished'),
(12442, 98, 63, '98_2_0138.jpg', '98_2_0138', '2', '2018-09-12 08:04:50', '2018-09-12 08:04:50', 'Finished'),
(12443, 98, 63, '98_2_0139.jpg', '98_2_0139', '2', '2018-09-12 08:04:50', '2018-09-12 08:04:50', 'Finished'),
(12444, 98, 63, '98_2_0140.jpg', '98_2_0140', '2', '2018-09-12 08:04:51', '2018-09-12 08:04:51', 'Finished'),
(12445, 98, 63, '98_2_0141.jpg', '98_2_0141', '2', '2018-09-12 08:04:51', '2018-09-12 08:04:51', 'Finished'),
(12446, 98, 63, '98_2_0142.jpg', '98_2_0142', '2', '2018-09-12 08:04:51', '2018-09-12 08:04:51', 'Finished'),
(12447, 98, 63, '98_2_0143.jpg', '98_2_0143', '2', '2018-09-12 08:04:51', '2018-09-12 08:04:51', 'Finished'),
(12448, 98, 63, '98_2_0144.jpg', '98_2_0144', '2', '2018-09-12 08:04:51', '2018-09-12 08:04:51', 'Finished'),
(12449, 98, 63, '98_2_0145.jpg', '98_2_0145', '2', '2018-09-12 08:04:51', '2018-09-12 08:04:51', 'Finished'),
(12450, 98, 63, '98_2_0146.jpg', '98_2_0146', '2', '2018-09-12 08:04:51', '2018-09-12 08:04:51', 'Finished'),
(12451, 98, 63, '98_2_0147.jpg', '98_2_0147', '2', '2018-09-12 08:04:52', '2018-09-12 08:04:52', 'Finished'),
(12452, 98, 63, '98_2_0148.jpg', '98_2_0148', '2', '2018-09-12 08:04:52', '2018-09-12 08:04:52', 'Finished'),
(12453, 98, 63, '98_2_0149.jpg', '98_2_0149', '2', '2018-09-12 08:04:52', '2018-09-12 08:04:52', 'Finished'),
(12454, 98, 63, '98_2_0150.jpg', '98_2_0150', '2', '2018-09-12 08:04:52', '2018-09-12 08:04:52', 'Finished'),
(12455, 98, 63, '98_2_0151.jpg', '98_2_0151', '2', '2018-09-12 08:04:52', '2018-09-12 08:04:52', 'Finished'),
(12456, 98, 63, '98_2_0152.jpg', '98_2_0152', '2', '2018-09-12 08:04:52', '2018-09-12 08:04:52', 'Finished'),
(12457, 98, 63, '98_2_0153.jpg', '98_2_0153', '2', '2018-09-12 08:04:52', '2018-09-12 08:04:52', 'Finished'),
(12458, 98, 63, '98_2_0154.jpg', '98_2_0154', '2', '2018-09-12 08:04:53', '2018-09-12 08:04:53', 'Finished'),
(12459, 98, 63, '98_2_0155.jpg', '98_2_0155', '2', '2018-09-12 08:04:53', '2018-09-12 08:04:53', 'Finished'),
(12460, 98, 63, '98_2_0156.jpg', '98_2_0156', '2', '2018-09-12 08:04:53', '2018-09-12 08:04:53', 'Finished'),
(12461, 98, 63, '98_2_0157.jpg', '98_2_0157', '2', '2018-09-12 08:04:53', '2018-09-12 08:04:53', 'Finished'),
(12462, 98, 63, '98_2_0158.jpg', '98_2_0158', '2', '2018-09-12 08:04:53', '2018-09-12 08:04:53', 'Finished'),
(12463, 98, 63, '98_2_0159.jpg', '98_2_0159', '2', '2018-09-12 08:04:53', '2018-09-12 08:04:53', 'Finished'),
(12464, 98, 63, '98_2_0160.jpg', '98_2_0160', '2', '2018-09-12 08:04:54', '2018-09-12 08:04:54', 'Finished'),
(12465, 98, 63, '98_2_0161.jpg', '98_2_0161', '2', '2018-09-12 08:04:54', '2018-09-12 08:04:54', 'Finished'),
(12466, 98, 63, '98_2_0162.jpg', '98_2_0162', '2', '2018-09-12 08:04:54', '2018-09-12 08:04:54', 'Finished'),
(12467, 98, 63, '98_2_0163.jpg', '98_2_0163', '2', '2018-09-12 08:04:54', '2018-09-12 08:04:54', 'Finished'),
(12468, 98, 63, '98_2_0164.jpg', '98_2_0164', '2', '2018-09-12 08:04:54', '2018-09-12 08:04:54', 'Finished'),
(12469, 98, 63, '98_2_0165.jpg', '98_2_0165', '2', '2018-09-12 08:04:54', '2018-09-12 08:04:54', 'Finished'),
(12470, 98, 63, '98_2_0166.jpg', '98_2_0166', '2', '2018-09-12 08:04:54', '2018-09-12 08:04:54', 'Finished'),
(12471, 98, 63, '98_2_0167.jpg', '98_2_0167', '2', '2018-09-12 08:04:55', '2018-09-12 08:04:55', 'Finished'),
(12472, 98, 63, '98_2_0168.jpg', '98_2_0168', '2', '2018-09-12 08:04:55', '2018-09-12 08:04:55', 'Finished'),
(12473, 98, 63, '98_2_0169.jpg', '98_2_0169', '2', '2018-09-12 08:04:55', '2018-09-12 08:04:55', 'Finished'),
(12474, 98, 63, '98_2_0170.jpg', '98_2_0170', '2', '2018-09-12 08:04:55', '2018-09-12 08:04:55', 'Finished'),
(12475, 98, 63, '98_2_0171.jpg', '98_2_0171', '2', '2018-09-12 08:04:55', '2018-09-12 08:04:55', 'Finished'),
(12476, 98, 63, '98_2_0172.jpg', '98_2_0172', '2', '2018-09-12 08:04:55', '2018-09-12 08:04:55', 'Finished'),
(12477, 98, 63, '98_2_0173.jpg', '98_2_0173', '2', '2018-09-12 08:04:55', '2018-09-12 08:04:55', 'Finished'),
(12478, 98, 63, '98_2_0174.jpg', '98_2_0174', '2', '2018-09-12 08:04:56', '2018-09-12 08:04:56', 'Finished'),
(12479, 98, 63, '98_2_0175.jpg', '98_2_0175', '2', '2018-09-12 08:04:56', '2018-09-12 08:04:56', 'Finished'),
(12480, 98, 63, '98_2_0176.jpg', '98_2_0176', '2', '2018-09-12 08:04:56', '2018-09-12 08:04:56', 'Finished'),
(12481, 98, 63, '98_2_0177.jpg', '98_2_0177', '2', '2018-09-12 08:04:56', '2018-09-12 08:04:56', 'Finished'),
(12482, 98, 63, '98_2_0178.jpg', '98_2_0178', '2', '2018-09-12 08:04:56', '2018-09-12 08:04:56', 'Finished'),
(12483, 98, 63, '98_2_0179.jpg', '98_2_0179', '2', '2018-09-12 08:04:56', '2018-09-12 08:04:56', 'Finished'),
(12484, 98, 63, '98_2_0180.jpg', '98_2_0180', '2', '2018-09-12 08:04:56', '2018-09-12 08:04:56', 'Finished'),
(12485, 98, 63, '98_2_0181.jpg', '98_2_0181', '2', '2018-09-12 08:04:57', '2018-09-12 08:04:57', 'Finished'),
(12486, 98, 63, '98_2_0182.jpg', '98_2_0182', '2', '2018-09-12 08:04:57', '2018-09-12 08:04:57', 'Finished'),
(12487, 98, 63, '98_2_0183.jpg', '98_2_0183', '2', '2018-09-12 08:04:57', '2018-09-12 08:04:57', 'Finished'),
(12488, 98, 63, '98_2_0184.jpg', '98_2_0184', '2', '2018-09-12 08:04:57', '2018-09-12 08:04:57', 'Finished'),
(12489, 98, 63, '98_2_0185.jpg', '98_2_0185', '2', '2018-09-12 08:04:57', '2018-09-12 08:04:57', 'Finished'),
(12490, 98, 63, '98_2_0186.jpg', '98_2_0186', '2', '2018-09-12 08:04:57', '2018-09-12 08:04:57', 'Finished'),
(12491, 98, 63, '98_2_0187.jpg', '98_2_0187', '2', '2018-09-12 08:04:58', '2018-09-12 08:04:58', 'Finished'),
(12492, 98, 63, '98_2_0188.jpg', '98_2_0188', '2', '2018-09-12 08:04:58', '2018-09-12 08:04:58', 'Finished'),
(12493, 98, 63, '98_2_0189.jpg', '98_2_0189', '2', '2018-09-12 08:04:58', '2018-09-12 08:04:58', 'Finished'),
(12494, 98, 63, '98_2_0190.jpg', '98_2_0190', '2', '2018-09-12 08:04:58', '2018-09-12 08:04:58', 'Finished'),
(12495, 98, 63, '98_2_0191.jpg', '98_2_0191', '2', '2018-09-12 08:04:58', '2018-09-12 08:04:58', 'Finished'),
(12496, 98, 63, '98_2_0192.jpg', '98_2_0192', '2', '2018-09-12 08:04:58', '2018-09-12 08:04:58', 'Finished'),
(12497, 98, 63, '98_2_0193.jpg', '98_2_0193', '2', '2018-09-12 08:04:58', '2018-09-12 08:04:58', 'Finished'),
(12498, 98, 63, '98_2_0194.jpg', '98_2_0194', '2', '2018-09-12 08:04:59', '2018-09-12 08:04:59', 'Finished'),
(12499, 98, 63, '98_2_0195.jpg', '98_2_0195', '2', '2018-09-12 08:04:59', '2018-09-12 08:04:59', 'Finished'),
(12500, 98, 63, '98_2_0196.jpg', '98_2_0196', '2', '2018-09-12 08:04:59', '2018-09-12 08:04:59', 'Finished'),
(12501, 98, 63, '98_2_0197.jpg', '98_2_0197', '2', '2018-09-12 08:04:59', '2018-09-12 08:04:59', 'Finished'),
(12502, 98, 63, '98_2_0198.jpg', '98_2_0198', '2', '2018-09-12 08:04:59', '2018-09-12 08:04:59', 'Finished'),
(12503, 98, 63, '98_2_0199.jpg', '98_2_0199', '2', '2018-09-12 08:04:59', '2018-09-12 08:04:59', 'Finished'),
(12504, 98, 63, '98_2_0200.jpg', '98_2_0200', '2', '2018-09-12 08:05:00', '2018-09-12 08:05:00', 'Finished'),
(12505, 98, 63, '98_2_0201.jpg', '98_2_0201', '2', '2018-09-12 08:05:00', '2018-09-12 08:05:00', 'Finished'),
(12506, 98, 63, '98_2_0202.jpg', '98_2_0202', '2', '2018-09-12 08:05:00', '2018-09-12 08:05:00', 'Finished'),
(12507, 98, 63, '98_2_0203.jpg', '98_2_0203', '2', '2018-09-12 08:05:00', '2018-09-12 08:05:00', 'Finished'),
(12508, 98, 63, '98_2_0204.jpg', '98_2_0204', '2', '2018-09-12 08:05:00', '2018-09-12 08:05:00', 'Finished'),
(12509, 98, 63, '98_2_0205.jpg', '98_2_0205', '2', '2018-09-12 08:05:00', '2018-09-12 08:05:00', 'Finished'),
(12510, 98, 63, '98_2_0206.jpg', '98_2_0206', '2', '2018-09-12 08:05:00', '2018-09-12 08:05:00', 'Finished'),
(12511, 98, 63, '98_2_0207.jpg', '98_2_0207', '2', '2018-09-12 08:05:01', '2018-09-12 08:05:01', 'Finished'),
(12512, 98, 63, '98_2_0208.jpg', '98_2_0208', '2', '2018-09-12 08:05:01', '2018-09-12 08:05:01', 'Finished'),
(12513, 98, 63, '98_2_0209.jpg', '98_2_0209', '2', '2018-09-12 08:05:01', '2018-09-12 08:05:01', 'Finished'),
(12514, 98, 63, '98_2_0210.jpg', '98_2_0210', '2', '2018-09-12 08:05:01', '2018-09-12 08:05:01', 'Finished'),
(12515, 98, 63, '98_2_0211.jpg', '98_2_0211', '2', '2018-09-12 08:05:01', '2018-09-12 08:05:01', 'Finished'),
(12516, 98, 63, '98_2_0212.jpg', '98_2_0212', '2', '2018-09-12 08:05:02', '2018-09-12 08:05:02', 'Finished'),
(12517, 98, 63, '98_2_0213.jpg', '98_2_0213', '2', '2018-09-12 08:05:02', '2018-09-12 08:05:02', 'Finished'),
(12518, 98, 63, '98_2_0214.jpg', '98_2_0214', '2', '2018-09-12 08:05:02', '2018-09-12 08:05:02', 'Finished'),
(12519, 98, 63, '98_2_0215.jpg', '98_2_0215', '2', '2018-09-12 08:05:02', '2018-09-12 08:05:02', 'Finished'),
(12520, 98, 63, '98_2_0216.jpg', '98_2_0216', '2', '2018-09-12 08:05:02', '2018-09-12 08:05:02', 'Finished'),
(12521, 98, 63, '98_2_0217.jpg', '98_2_0217', '2', '2018-09-12 08:05:03', '2018-09-12 08:05:03', 'Finished'),
(12522, 98, 63, '98_2_0218.jpg', '98_2_0218', '2', '2018-09-12 08:05:03', '2018-09-12 08:05:03', 'Finished'),
(12523, 98, 63, '98_2_0219.jpg', '98_2_0219', '2', '2018-09-12 08:05:03', '2018-09-12 08:05:03', 'Finished'),
(12524, 98, 63, '98_2_0220.jpg', '98_2_0220', '2', '2018-09-12 08:05:03', '2018-09-12 08:05:03', 'Finished'),
(12525, 98, 63, '98_2_0221.jpg', '98_2_0221', '2', '2018-09-12 08:05:03', '2018-09-12 08:05:03', 'Finished'),
(12526, 98, 63, '98_2_0222.jpg', '98_2_0222', '2', '2018-09-12 08:05:04', '2018-09-12 08:05:04', 'Finished'),
(12527, 98, 63, '98_2_0223.jpg', '98_2_0223', '2', '2018-09-12 08:05:04', '2018-09-12 08:05:04', 'Finished'),
(12528, 98, 63, '98_2_0224.jpg', '98_2_0224', '2', '2018-09-12 08:05:04', '2018-09-12 08:05:04', 'Finished'),
(12529, 98, 63, '98_2_0225.jpg', '98_2_0225', '2', '2018-09-12 08:05:04', '2018-09-12 08:05:04', 'Finished'),
(12530, 98, 63, '98_2_0226.jpg', '98_2_0226', '2', '2018-09-12 08:05:04', '2018-09-12 08:05:04', 'Finished'),
(12531, 98, 63, '98_2_0227.jpg', '98_2_0227', '2', '2018-09-12 08:05:05', '2018-09-12 08:05:05', 'Finished'),
(12532, 98, 63, '98_2_0228.jpg', '98_2_0228', '2', '2018-09-12 08:05:05', '2018-09-12 08:05:05', 'Finished'),
(12533, 98, 63, '98_2_0229.jpg', '98_2_0229', '2', '2018-09-12 08:05:05', '2018-09-12 08:05:05', 'Finished'),
(12534, 98, 63, '98_2_0230.jpg', '98_2_0230', '2', '2018-09-12 08:05:05', '2018-09-12 08:05:05', 'Finished'),
(12535, 98, 63, '98_2_0231.jpg', '98_2_0231', '2', '2018-09-12 08:05:06', '2018-09-12 08:05:06', 'Finished'),
(12536, 98, 63, '98_2_0232.jpg', '98_2_0232', '2', '2018-09-12 08:05:06', '2018-09-12 08:05:06', 'Finished'),
(12537, 98, 63, '98_2_0233.jpg', '98_2_0233', '2', '2018-09-12 08:05:06', '2018-09-12 08:05:06', 'Finished'),
(12538, 98, 63, '98_2_0234.jpg', '98_2_0234', '2', '2018-09-12 08:05:06', '2018-09-12 08:05:06', 'Finished'),
(12539, 98, 63, '98_2_0235.jpg', '98_2_0235', '2', '2018-09-12 08:05:06', '2018-09-12 08:05:06', 'Finished'),
(12540, 98, 63, '98_2_0236.jpg', '98_2_0236', '2', '2018-09-12 08:05:06', '2018-09-12 08:05:06', 'Finished'),
(12541, 98, 63, '98_2_0237.jpg', '98_2_0237', '2', '2018-09-12 08:05:07', '2018-09-12 08:05:07', 'Finished'),
(12542, 98, 63, '98_2_0238.jpg', '98_2_0238', '2', '2018-09-12 08:05:07', '2018-09-12 08:05:07', 'Finished'),
(12543, 98, 63, '98_2_0239.jpg', '98_2_0239', '2', '2018-09-12 08:05:07', '2018-09-12 08:05:07', 'Finished'),
(12544, 98, 63, '98_2_0240.jpg', '98_2_0240', '2', '2018-09-12 08:05:07', '2018-09-12 08:05:07', 'Finished'),
(12545, 98, 63, '98_2_0241.jpg', '98_2_0241', '2', '2018-09-12 08:05:07', '2018-09-12 08:05:07', 'Finished'),
(12546, 98, 63, '98_2_0242.jpg', '98_2_0242', '2', '2018-09-12 08:05:07', '2018-09-12 08:05:07', 'Finished'),
(12547, 98, 63, '98_2_0243.jpg', '98_2_0243', '2', '2018-09-12 08:05:08', '2018-09-12 08:05:08', 'Finished'),
(12548, 98, 63, '98_2_0244.jpg', '98_2_0244', '2', '2018-09-12 08:05:08', '2018-09-12 08:05:08', 'Finished'),
(12549, 98, 63, '98_2_0245.jpg', '98_2_0245', '2', '2018-09-12 08:05:08', '2018-09-12 08:05:08', 'Finished'),
(12550, 98, 63, '98_2_0246.jpg', '98_2_0246', '2', '2018-09-12 08:05:08', '2018-09-12 08:05:08', 'Finished'),
(12551, 98, 63, '98_2_0247.jpg', '98_2_0247', '2', '2018-09-12 08:05:08', '2018-09-12 08:05:08', 'Finished'),
(12552, 98, 63, '98_2_0248.jpg', '98_2_0248', '2', '2018-09-12 08:05:08', '2018-09-12 08:05:08', 'Finished'),
(12553, 98, 63, '98_2_0249.jpg', '98_2_0249', '2', '2018-09-12 08:05:09', '2018-09-12 08:05:09', 'Finished'),
(12554, 98, 63, '98_2_0250.jpg', '98_2_0250', '2', '2018-09-12 08:05:09', '2018-09-12 08:05:09', 'Finished'),
(12555, 98, 63, '98_2_0251.jpg', '98_2_0251', '2', '2018-09-12 08:05:09', '2018-09-12 08:05:09', 'Finished'),
(12556, 98, 63, '98_2_0252.jpg', '98_2_0252', '2', '2018-09-12 08:05:09', '2018-09-12 08:05:09', 'Finished'),
(12557, 98, 63, '98_2_0253.jpg', '98_2_0253', '2', '2018-09-12 08:05:09', '2018-09-12 08:05:09', 'Finished'),
(12558, 98, 63, '98_2_0254.jpg', '98_2_0254', '2', '2018-09-12 08:05:09', '2018-09-12 08:05:09', 'Finished'),
(12559, 98, 63, '98_2_0255.jpg', '98_2_0255', '2', '2018-09-12 08:05:10', '2018-09-12 08:05:10', 'Finished'),
(12560, 98, 63, '98_2_0256.jpg', '98_2_0256', '2', '2018-09-12 08:05:10', '2018-09-12 08:05:10', 'Finished'),
(12561, 98, 63, '98_2_0257.jpg', '98_2_0257', '2', '2018-09-12 08:05:10', '2018-09-12 08:05:10', 'Finished'),
(12562, 98, 63, '98_2_0258.jpg', '98_2_0258', '2', '2018-09-12 08:05:10', '2018-09-12 08:05:10', 'Finished'),
(12563, 98, 63, '98_2_0259.jpg', '98_2_0259', '2', '2018-09-12 08:05:10', '2018-09-12 08:05:10', 'Finished'),
(12564, 98, 63, '98_2_0260.jpg', '98_2_0260', '2', '2018-09-12 08:05:10', '2018-09-12 08:05:10', 'Finished'),
(12565, 98, 63, '98_2_0261.jpg', '98_2_0261', '2', '2018-09-12 08:05:11', '2018-09-12 08:05:11', 'Finished'),
(12566, 98, 63, '98_2_0262.jpg', '98_2_0262', '2', '2018-09-12 08:05:11', '2018-09-12 08:05:11', 'Finished'),
(12567, 98, 63, '98_2_0263.jpg', '98_2_0263', '2', '2018-09-12 08:05:11', '2018-09-12 08:05:11', 'Finished'),
(12568, 98, 63, '98_2_0264.jpg', '98_2_0264', '2', '2018-09-12 08:05:11', '2018-09-12 08:05:11', 'Finished'),
(12569, 98, 63, '98_2_0265.jpg', '98_2_0265', '2', '2018-09-12 08:05:11', '2018-09-12 08:05:11', 'Finished'),
(12570, 98, 63, '98_2_0266.jpg', '98_2_0266', '2', '2018-09-12 08:05:11', '2018-09-12 08:05:11', 'Finished'),
(12571, 98, 63, '98_2_0267.jpg', '98_2_0267', '2', '2018-09-12 08:05:11', '2018-09-12 08:05:11', 'Finished'),
(12572, 98, 63, '98_2_0268.jpg', '98_2_0268', '2', '2018-09-12 08:05:12', '2018-09-12 08:05:12', 'Finished'),
(12573, 98, 63, '98_2_0269.jpg', '98_2_0269', '2', '2018-09-12 08:05:12', '2018-09-12 08:05:12', 'Finished'),
(12574, 98, 63, '98_2_0270.jpg', '98_2_0270', '2', '2018-09-12 08:05:12', '2018-09-12 08:05:12', 'Finished'),
(12575, 98, 63, '98_2_0271.jpg', '98_2_0271', '2', '2018-09-12 08:05:12', '2018-09-12 08:05:12', 'Finished'),
(12576, 98, 63, '98_2_0272.jpg', '98_2_0272', '2', '2018-09-12 08:05:12', '2018-09-12 08:05:12', 'Finished'),
(12577, 98, 63, '98_2_0273.jpg', '98_2_0273', '2', '2018-09-12 08:05:12', '2018-09-12 08:05:12', 'Finished'),
(12578, 98, 63, '98_2_0274.jpg', '98_2_0274', '2', '2018-09-12 08:05:12', '2018-09-12 08:05:12', 'Finished'),
(12579, 98, 63, '98_2_0275.jpg', '98_2_0275', '2', '2018-09-12 08:05:13', '2018-09-12 08:05:13', 'Finished'),
(12580, 98, 63, '98_2_0276.jpg', '98_2_0276', '2', '2018-09-12 08:05:13', '2018-09-12 08:05:13', 'Finished'),
(12581, 98, 63, '98_2_0277.jpg', '98_2_0277', '2', '2018-09-12 08:05:13', '2018-09-12 08:05:13', 'Finished'),
(12582, 98, 63, '98_2_0278.jpg', '98_2_0278', '2', '2018-09-12 08:05:13', '2018-09-12 08:05:13', 'Finished'),
(12583, 98, 63, '98_2_0279.jpg', '98_2_0279', '2', '2018-09-12 08:05:13', '2018-09-12 08:05:13', 'Finished'),
(12584, 98, 63, '98_2_0280.jpg', '98_2_0280', '2', '2018-09-12 08:05:13', '2018-09-12 08:05:13', 'Finished'),
(12585, 98, 63, '98_2_0281.jpg', '98_2_0281', '2', '2018-09-12 08:05:13', '2018-09-12 08:05:13', 'Finished'),
(12586, 98, 63, '98_2_0282.jpg', '98_2_0282', '2', '2018-09-12 08:05:14', '2018-09-12 08:05:14', 'Finished'),
(12587, 98, 63, '98_2_0283.jpg', '98_2_0283', '2', '2018-09-12 08:05:14', '2018-09-12 08:05:14', 'Finished'),
(12588, 98, 63, '98_2_0284.jpg', '98_2_0284', '2', '2018-09-12 08:05:14', '2018-09-12 08:05:14', 'Finished'),
(12589, 98, 63, '98_2_0285.jpg', '98_2_0285', '2', '2018-09-12 08:05:14', '2018-09-12 08:05:14', 'Finished');
INSERT INTO `training_images` (`id`, `instruction_id`, `video_id`, `image_path`, `label_name`, `order_n`, `created_at`, `created_from`, `status`) VALUES
(12590, 98, 63, '98_2_0286.jpg', '98_2_0286', '2', '2018-09-12 08:05:14', '2018-09-12 08:05:14', 'Finished'),
(12591, 98, 63, '98_2_0287.jpg', '98_2_0287', '2', '2018-09-12 08:05:14', '2018-09-12 08:05:14', 'Finished'),
(12592, 98, 63, '98_2_0288.jpg', '98_2_0288', '2', '2018-09-12 08:05:15', '2018-09-12 08:05:15', 'Finished'),
(12593, 98, 63, '98_2_0289.jpg', '98_2_0289', '2', '2018-09-12 08:05:15', '2018-09-12 08:05:15', 'Finished'),
(12594, 98, 63, '98_2_0290.jpg', '98_2_0290', '2', '2018-09-12 08:05:15', '2018-09-12 08:05:15', 'Finished'),
(12595, 98, 63, '98_2_0291.jpg', '98_2_0291', '2', '2018-09-12 08:05:15', '2018-09-12 08:05:15', 'Finished'),
(12596, 98, 63, '98_2_0292.jpg', '98_2_0292', '2', '2018-09-12 08:05:15', '2018-09-12 08:05:15', 'Finished'),
(12597, 98, 63, '98_2_0293.jpg', '98_2_0293', '2', '2018-09-12 08:05:15', '2018-09-12 08:05:15', 'Finished'),
(12598, 98, 63, '98_2_0294.jpg', '98_2_0294', '2', '2018-09-12 08:05:16', '2018-09-12 08:05:16', 'Finished'),
(12599, 98, 63, '98_2_0295.jpg', '98_2_0295', '2', '2018-09-12 08:05:16', '2018-09-12 08:05:16', 'Finished'),
(12600, 98, 63, '98_2_0296.jpg', '98_2_0296', '2', '2018-09-12 08:05:16', '2018-09-12 08:05:16', 'Finished'),
(12601, 98, 63, '98_2_0297.jpg', '98_2_0297', '2', '2018-09-12 08:05:16', '2018-09-12 08:05:16', 'Finished'),
(12602, 98, 63, '98_2_0298.jpg', '98_2_0298', '2', '2018-09-12 08:05:16', '2018-09-12 08:05:16', 'Finished'),
(12603, 98, 63, '98_2_0299.jpg', '98_2_0299', '2', '2018-09-12 08:05:16', '2018-09-12 08:05:16', 'Finished'),
(12604, 98, 63, '98_2_0300.jpg', '98_2_0300', '2', '2018-09-12 08:05:17', '2018-09-12 08:05:17', 'Finished'),
(12605, 98, 63, '98_2_0301.jpg', '98_2_0301', '2', '2018-09-12 08:05:17', '2018-09-12 08:05:17', 'Finished'),
(12606, 98, 63, '98_2_0302.jpg', '98_2_0302', '2', '2018-09-12 08:05:17', '2018-09-12 08:05:17', 'Finished'),
(12607, 98, 63, '98_2_0303.jpg', '98_2_0303', '2', '2018-09-12 08:05:17', '2018-09-12 08:05:17', 'Finished'),
(12608, 98, 63, '98_2_0304.jpg', '98_2_0304', '2', '2018-09-12 08:05:17', '2018-09-12 08:05:17', 'Finished'),
(12609, 98, 63, '98_2_0305.jpg', '98_2_0305', '2', '2018-09-12 08:05:17', '2018-09-12 08:05:17', 'Finished'),
(12610, 98, 63, '98_2_0306.jpg', '98_2_0306', '2', '2018-09-12 08:05:17', '2018-09-12 08:05:17', 'Finished'),
(12611, 98, 63, '98_2_0307.jpg', '98_2_0307', '2', '2018-09-12 08:05:18', '2018-09-12 08:05:18', 'Finished'),
(12612, 98, 63, '98_2_0308.jpg', '98_2_0308', '2', '2018-09-12 08:05:18', '2018-09-12 08:05:18', 'Finished'),
(12613, 98, 63, '98_2_0309.jpg', '98_2_0309', '2', '2018-09-12 08:05:18', '2018-09-12 08:05:18', 'Finished'),
(12614, 98, 63, '98_2_0310.jpg', '98_2_0310', '2', '2018-09-12 08:05:18', '2018-09-12 08:05:18', 'Finished'),
(12615, 98, 63, '98_2_0311.jpg', '98_2_0311', '2', '2018-09-12 08:05:18', '2018-09-12 08:05:18', 'Finished'),
(12616, 98, 63, '98_2_0312.jpg', '98_2_0312', '2', '2018-09-12 08:05:18', '2018-09-12 08:05:18', 'Finished'),
(12617, 98, 63, '98_2_0313.jpg', '98_2_0313', '2', '2018-09-12 08:05:19', '2018-09-12 08:05:19', 'Finished'),
(12618, 98, 63, '98_2_0314.jpg', '98_2_0314', '2', '2018-09-12 08:05:19', '2018-09-12 08:05:19', 'Finished'),
(12619, 98, 63, '98_2_0315.jpg', '98_2_0315', '2', '2018-09-12 08:05:19', '2018-09-12 08:05:19', 'Finished'),
(12620, 98, 63, '98_2_0316.jpg', '98_2_0316', '2', '2018-09-12 08:05:19', '2018-09-12 08:05:19', 'Finished'),
(12621, 98, 63, '98_2_0317.jpg', '98_2_0317', '2', '2018-09-12 08:05:19', '2018-09-12 08:05:19', 'Finished'),
(12622, 98, 63, '98_2_0318.jpg', '98_2_0318', '2', '2018-09-12 08:05:19', '2018-09-12 08:05:19', 'Finished'),
(12623, 98, 63, '98_2_0319.jpg', '98_2_0319', '2', '2018-09-12 08:05:20', '2018-09-12 08:05:20', 'Finished'),
(12624, 98, 63, '98_2_0320.jpg', '98_2_0320', '2', '2018-09-12 08:05:20', '2018-09-12 08:05:20', 'Finished'),
(12625, 98, 63, '98_2_0321.jpg', '98_2_0321', '2', '2018-09-12 08:05:20', '2018-09-12 08:05:20', 'Finished'),
(12626, 98, 63, '98_2_0322.jpg', '98_2_0322', '2', '2018-09-12 08:05:20', '2018-09-12 08:05:20', 'Finished'),
(12627, 98, 63, '98_2_0323.jpg', '98_2_0323', '2', '2018-09-12 08:05:20', '2018-09-12 08:05:20', 'Finished'),
(12628, 98, 63, '98_2_0324.jpg', '98_2_0324', '2', '2018-09-12 08:05:20', '2018-09-12 08:05:20', 'Finished'),
(12629, 98, 63, '98_2_0325.jpg', '98_2_0325', '2', '2018-09-12 08:05:20', '2018-09-12 08:05:20', 'Finished'),
(12630, 98, 63, '98_2_0326.jpg', '98_2_0326', '2', '2018-09-12 08:05:21', '2018-09-12 08:05:21', 'Finished'),
(12631, 98, 63, '98_2_0327.jpg', '98_2_0327', '2', '2018-09-12 08:05:21', '2018-09-12 08:05:21', 'Finished'),
(12632, 98, 63, '98_2_0328.jpg', '98_2_0328', '2', '2018-09-12 08:05:21', '2018-09-12 08:05:21', 'Finished'),
(12633, 98, 63, '98_2_0329.jpg', '98_2_0329', '2', '2018-09-12 08:05:21', '2018-09-12 08:05:21', 'Finished'),
(12634, 98, 63, '98_2_0330.jpg', '98_2_0330', '2', '2018-09-12 08:05:21', '2018-09-12 08:05:21', 'Finished'),
(12635, 98, 63, '98_2_0331.jpg', '98_2_0331', '2', '2018-09-12 08:05:22', '2018-09-12 08:05:22', 'Finished'),
(12636, 98, 63, '98_2_0332.jpg', '98_2_0332', '2', '2018-09-12 08:05:22', '2018-09-12 08:05:22', 'Finished'),
(12637, 98, 63, '98_2_0333.jpg', '98_2_0333', '2', '2018-09-12 08:05:22', '2018-09-12 08:05:22', 'Finished'),
(12638, 98, 63, '98_2_0334.jpg', '98_2_0334', '2', '2018-09-12 08:05:22', '2018-09-12 08:05:22', 'Finished'),
(12639, 98, 63, '98_2_0335.jpg', '98_2_0335', '2', '2018-09-12 08:05:22', '2018-09-12 08:05:22', 'Finished'),
(12640, 98, 63, '98_2_0336.jpg', '98_2_0336', '2', '2018-09-12 08:05:22', '2018-09-12 08:05:22', 'Finished'),
(12641, 98, 63, '98_2_0337.jpg', '98_2_0337', '2', '2018-09-12 08:05:22', '2018-09-12 08:05:22', 'Finished'),
(12642, 98, 63, '98_2_0338.jpg', '98_2_0338', '2', '2018-09-12 08:05:23', '2018-09-12 08:05:23', 'Finished'),
(12643, 98, 63, '98_2_0339.jpg', '98_2_0339', '2', '2018-09-12 08:05:23', '2018-09-12 08:05:23', 'Finished'),
(12644, 98, 63, '98_2_0340.jpg', '98_2_0340', '2', '2018-09-12 08:05:23', '2018-09-12 08:05:23', 'Finished'),
(12645, 98, 63, '98_2_0341.jpg', '98_2_0341', '2', '2018-09-12 08:05:23', '2018-09-12 08:05:23', 'Finished'),
(12646, 98, 63, '98_2_0342.jpg', '98_2_0342', '2', '2018-09-12 08:05:23', '2018-09-12 08:05:23', 'Finished'),
(12647, 98, 63, '98_2_0343.jpg', '98_2_0343', '2', '2018-09-12 08:05:23', '2018-09-12 08:05:23', 'Finished'),
(12648, 98, 63, '98_2_0344.jpg', '98_2_0344', '2', '2018-09-12 08:05:24', '2018-09-12 08:05:24', 'Finished'),
(12649, 98, 63, '98_2_0345.jpg', '98_2_0345', '2', '2018-09-12 08:05:24', '2018-09-12 08:05:24', 'Finished'),
(12650, 98, 63, '98_2_0346.jpg', '98_2_0346', '2', '2018-09-12 08:05:24', '2018-09-12 08:05:24', 'Finished'),
(12651, 98, 63, '98_2_0347.jpg', '98_2_0347', '2', '2018-09-12 08:05:24', '2018-09-12 08:05:24', 'Finished'),
(12652, 98, 63, '98_2_0348.jpg', '98_2_0348', '2', '2018-09-12 08:05:24', '2018-09-12 08:05:24', 'Finished'),
(12653, 98, 63, '98_2_0349.jpg', '98_2_0349', '2', '2018-09-12 08:05:24', '2018-09-12 08:05:24', 'Finished'),
(12654, 98, 63, '98_2_0350.jpg', '98_2_0350', '2', '2018-09-12 08:05:24', '2018-09-12 08:05:24', 'Finished'),
(12655, 98, 64, '98_2_0001.jpg', '98_2_0001', '2', '2018-09-12 08:30:15', '2018-09-12 08:30:15', 'Finished'),
(12656, 98, 64, '98_2_0002.jpg', '98_2_0002', '2', '2018-09-12 08:30:15', '2018-09-12 08:30:15', 'Finished'),
(12657, 98, 64, '98_2_0003.jpg', '98_2_0003', '2', '2018-09-12 08:30:16', '2018-09-12 08:30:16', 'Finished'),
(12658, 98, 64, '98_2_0004.jpg', '98_2_0004', '2', '2018-09-12 08:30:16', '2018-09-12 08:30:16', 'Finished'),
(12659, 98, 64, '98_2_0005.jpg', '98_2_0005', '2', '2018-09-12 08:30:17', '2018-09-12 08:30:17', 'Finished'),
(12660, 98, 64, '98_2_0006.jpg', '98_2_0006', '2', '2018-09-12 08:30:17', '2018-09-12 08:30:17', 'Finished'),
(12661, 98, 64, '98_2_0007.jpg', '98_2_0007', '2', '2018-09-12 08:30:17', '2018-09-12 08:30:17', 'Finished'),
(12662, 98, 64, '98_2_0008.jpg', '98_2_0008', '2', '2018-09-12 08:30:18', '2018-09-12 08:30:18', 'Finished'),
(12663, 98, 64, '98_2_0009.jpg', '98_2_0009', '2', '2018-09-12 08:30:18', '2018-09-12 08:30:18', 'Finished'),
(12664, 98, 64, '98_2_0010.jpg', '98_2_0010', '2', '2018-09-12 08:30:19', '2018-09-12 08:30:19', 'Finished'),
(12665, 98, 64, '98_2_0011.jpg', '98_2_0011', '2', '2018-09-12 08:30:19', '2018-09-12 08:30:19', 'Finished'),
(12666, 98, 64, '98_2_0012.jpg', '98_2_0012', '2', '2018-09-12 08:30:19', '2018-09-12 08:30:19', 'Finished'),
(12667, 98, 64, '98_2_0013.jpg', '98_2_0013', '2', '2018-09-12 08:30:19', '2018-09-12 08:30:19', 'Finished'),
(12668, 98, 64, '98_2_0014.jpg', '98_2_0014', '2', '2018-09-12 08:30:20', '2018-09-12 08:30:20', 'Finished'),
(12669, 98, 64, '98_2_0015.jpg', '98_2_0015', '2', '2018-09-12 08:30:20', '2018-09-12 08:30:20', 'Finished'),
(12670, 98, 64, '98_2_0016.jpg', '98_2_0016', '2', '2018-09-12 08:30:20', '2018-09-12 08:30:20', 'Finished'),
(12671, 98, 64, '98_2_0017.jpg', '98_2_0017', '2', '2018-09-12 08:30:21', '2018-09-12 08:30:21', 'Finished'),
(12672, 98, 64, '98_2_0018.jpg', '98_2_0018', '2', '2018-09-12 08:30:21', '2018-09-12 08:30:21', 'Finished'),
(12673, 98, 64, '98_2_0019.jpg', '98_2_0019', '2', '2018-09-12 08:30:21', '2018-09-12 08:30:21', 'Finished'),
(12674, 98, 64, '98_2_0020.jpg', '98_2_0020', '2', '2018-09-12 08:30:21', '2018-09-12 08:30:21', 'Finished'),
(12675, 98, 64, '98_2_0021.jpg', '98_2_0021', '2', '2018-09-12 08:30:22', '2018-09-12 08:30:22', 'Finished'),
(12676, 98, 64, '98_2_0022.jpg', '98_2_0022', '2', '2018-09-12 08:30:22', '2018-09-12 08:30:22', 'Finished'),
(12677, 98, 64, '98_2_0023.jpg', '98_2_0023', '2', '2018-09-12 08:30:22', '2018-09-12 08:30:22', 'Finished'),
(12678, 98, 64, '98_2_0024.jpg', '98_2_0024', '2', '2018-09-12 08:30:22', '2018-09-12 08:30:22', 'Finished'),
(12679, 98, 64, '98_2_0025.jpg', '98_2_0025', '2', '2018-09-12 08:30:23', '2018-09-12 08:30:23', 'Finished'),
(12680, 98, 64, '98_2_0026.jpg', '98_2_0026', '2', '2018-09-12 08:30:23', '2018-09-12 08:30:23', 'Finished'),
(12681, 98, 64, '98_2_0027.jpg', '98_2_0027', '2', '2018-09-12 08:30:23', '2018-09-12 08:30:23', 'Finished'),
(12682, 98, 64, '98_2_0028.jpg', '98_2_0028', '2', '2018-09-12 08:30:24', '2018-09-12 08:30:24', 'Finished'),
(12683, 98, 64, '98_2_0029.jpg', '98_2_0029', '2', '2018-09-12 08:30:24', '2018-09-12 08:30:24', 'Finished'),
(12684, 98, 64, '98_2_0030.jpg', '98_2_0030', '2', '2018-09-12 08:30:24', '2018-09-12 08:30:24', 'Finished'),
(12685, 98, 64, '98_2_0031.jpg', '98_2_0031', '2', '2018-09-12 08:30:24', '2018-09-12 08:30:24', 'Finished'),
(12686, 98, 64, '98_2_0032.jpg', '98_2_0032', '2', '2018-09-12 08:30:25', '2018-09-12 08:30:25', 'Finished'),
(12687, 98, 64, '98_2_0033.jpg', '98_2_0033', '2', '2018-09-12 08:30:25', '2018-09-12 08:30:25', 'Finished'),
(12688, 98, 64, '98_2_0034.jpg', '98_2_0034', '2', '2018-09-12 08:30:25', '2018-09-12 08:30:25', 'Finished'),
(12689, 98, 64, '98_2_0035.jpg', '98_2_0035', '2', '2018-09-12 08:30:25', '2018-09-12 08:30:25', 'Finished'),
(12690, 98, 64, '98_2_0036.jpg', '98_2_0036', '2', '2018-09-12 08:30:26', '2018-09-12 08:30:26', 'Finished'),
(12691, 98, 64, '98_2_0037.jpg', '98_2_0037', '2', '2018-09-12 08:30:26', '2018-09-12 08:30:26', 'Finished'),
(12692, 98, 64, '98_2_0038.jpg', '98_2_0038', '2', '2018-09-12 08:30:26', '2018-09-12 08:30:26', 'Finished'),
(12693, 98, 64, '98_2_0039.jpg', '98_2_0039', '2', '2018-09-12 08:30:26', '2018-09-12 08:30:26', 'Finished'),
(12694, 98, 64, '98_2_0040.jpg', '98_2_0040', '2', '2018-09-12 08:30:27', '2018-09-12 08:30:27', 'Finished'),
(12695, 98, 64, '98_2_0041.jpg', '98_2_0041', '2', '2018-09-12 08:30:27', '2018-09-12 08:30:27', 'Finished'),
(12696, 98, 64, '98_2_0042.jpg', '98_2_0042', '2', '2018-09-12 08:30:27', '2018-09-12 08:30:27', 'Finished'),
(12697, 98, 64, '98_2_0043.jpg', '98_2_0043', '2', '2018-09-12 08:30:27', '2018-09-12 08:30:27', 'Finished'),
(12698, 98, 64, '98_2_0044.jpg', '98_2_0044', '2', '2018-09-12 08:30:28', '2018-09-12 08:30:28', 'Finished'),
(12699, 98, 64, '98_2_0045.jpg', '98_2_0045', '2', '2018-09-12 08:30:28', '2018-09-12 08:30:28', 'Finished'),
(12700, 98, 64, '98_2_0046.jpg', '98_2_0046', '2', '2018-09-12 08:30:28', '2018-09-12 08:30:28', 'Finished'),
(12701, 98, 64, '98_2_0047.jpg', '98_2_0047', '2', '2018-09-12 08:30:28', '2018-09-12 08:30:28', 'Finished'),
(12702, 98, 64, '98_2_0048.jpg', '98_2_0048', '2', '2018-09-12 08:30:29', '2018-09-12 08:30:29', 'Finished'),
(12703, 98, 64, '98_2_0049.jpg', '98_2_0049', '2', '2018-09-12 08:30:29', '2018-09-12 08:30:29', 'Finished'),
(12704, 98, 64, '98_2_0050.jpg', '98_2_0050', '2', '2018-09-12 08:30:29', '2018-09-12 08:30:29', 'Finished'),
(12705, 98, 64, '98_2_0051.jpg', '98_2_0051', '2', '2018-09-12 08:30:30', '2018-09-12 08:30:30', 'Finished'),
(12706, 98, 64, '98_2_0052.jpg', '98_2_0052', '2', '2018-09-12 08:30:30', '2018-09-12 08:30:30', 'Finished'),
(12707, 98, 64, '98_2_0053.jpg', '98_2_0053', '2', '2018-09-12 08:30:30', '2018-09-12 08:30:30', 'Finished'),
(12708, 98, 64, '98_2_0054.jpg', '98_2_0054', '2', '2018-09-12 08:30:30', '2018-09-12 08:30:30', 'Finished'),
(12709, 98, 64, '98_2_0055.jpg', '98_2_0055', '2', '2018-09-12 08:30:31', '2018-09-12 08:30:31', 'Finished'),
(12710, 98, 64, '98_2_0056.jpg', '98_2_0056', '2', '2018-09-12 08:30:31', '2018-09-12 08:30:31', 'Finished'),
(12711, 98, 64, '98_2_0057.jpg', '98_2_0057', '2', '2018-09-12 08:30:31', '2018-09-12 08:30:31', 'Finished'),
(12712, 98, 64, '98_2_0058.jpg', '98_2_0058', '2', '2018-09-12 08:30:31', '2018-09-12 08:30:31', 'Finished'),
(12713, 98, 64, '98_2_0059.jpg', '98_2_0059', '2', '2018-09-12 08:30:32', '2018-09-12 08:30:32', 'Finished'),
(12714, 98, 64, '98_2_0060.jpg', '98_2_0060', '2', '2018-09-12 08:30:32', '2018-09-12 08:30:32', 'Finished'),
(12715, 98, 64, '98_2_0061.jpg', '98_2_0061', '2', '2018-09-12 08:30:32', '2018-09-12 08:30:32', 'Finished'),
(12716, 98, 64, '98_2_0062.jpg', '98_2_0062', '2', '2018-09-12 08:30:32', '2018-09-12 08:30:32', 'Finished'),
(12717, 98, 64, '98_2_0063.jpg', '98_2_0063', '2', '2018-09-12 08:30:33', '2018-09-12 08:30:33', 'Finished'),
(12718, 98, 64, '98_2_0064.jpg', '98_2_0064', '2', '2018-09-12 08:30:33', '2018-09-12 08:30:33', 'Finished'),
(12719, 98, 64, '98_2_0065.jpg', '98_2_0065', '2', '2018-09-12 08:30:33', '2018-09-12 08:30:33', 'Finished'),
(12720, 98, 64, '98_2_0066.jpg', '98_2_0066', '2', '2018-09-12 08:30:33', '2018-09-12 08:30:33', 'Finished'),
(12721, 98, 64, '98_2_0067.jpg', '98_2_0067', '2', '2018-09-12 08:30:34', '2018-09-12 08:30:34', 'Finished'),
(12722, 98, 64, '98_2_0068.jpg', '98_2_0068', '2', '2018-09-12 08:30:34', '2018-09-12 08:30:34', 'Finished'),
(12723, 98, 64, '98_2_0069.jpg', '98_2_0069', '2', '2018-09-12 08:30:34', '2018-09-12 08:30:34', 'Finished'),
(12724, 98, 64, '98_2_0070.jpg', '98_2_0070', '2', '2018-09-12 08:30:34', '2018-09-12 08:30:34', 'Finished'),
(12725, 98, 64, '98_2_0071.jpg', '98_2_0071', '2', '2018-09-12 08:30:35', '2018-09-12 08:30:35', 'Finished'),
(12726, 98, 64, '98_2_0072.jpg', '98_2_0072', '2', '2018-09-12 08:30:35', '2018-09-12 08:30:35', 'Finished'),
(12727, 98, 64, '98_2_0073.jpg', '98_2_0073', '2', '2018-09-12 08:30:35', '2018-09-12 08:30:35', 'Finished'),
(12728, 98, 64, '98_2_0074.jpg', '98_2_0074', '2', '2018-09-12 08:30:35', '2018-09-12 08:30:35', 'Finished'),
(12729, 98, 64, '98_2_0075.jpg', '98_2_0075', '2', '2018-09-12 08:30:36', '2018-09-12 08:30:36', 'Finished'),
(12730, 98, 64, '98_2_0076.jpg', '98_2_0076', '2', '2018-09-12 08:30:36', '2018-09-12 08:30:36', 'Finished'),
(12731, 98, 64, '98_2_0077.jpg', '98_2_0077', '2', '2018-09-12 08:30:36', '2018-09-12 08:30:36', 'Finished'),
(12732, 98, 64, '98_2_0078.jpg', '98_2_0078', '2', '2018-09-12 08:30:36', '2018-09-12 08:30:36', 'Finished'),
(12733, 98, 64, '98_2_0079.jpg', '98_2_0079', '2', '2018-09-12 08:30:37', '2018-09-12 08:30:37', 'Finished'),
(12734, 98, 64, '98_2_0080.jpg', '98_2_0080', '2', '2018-09-12 08:30:37', '2018-09-12 08:30:37', 'Finished'),
(12735, 98, 64, '98_2_0081.jpg', '98_2_0081', '2', '2018-09-12 08:30:37', '2018-09-12 08:30:37', 'Finished'),
(12736, 98, 64, '98_2_0082.jpg', '98_2_0082', '2', '2018-09-12 08:30:37', '2018-09-12 08:30:37', 'Finished'),
(12737, 98, 64, '98_2_0083.jpg', '98_2_0083', '2', '2018-09-12 08:30:38', '2018-09-12 08:30:38', 'Finished'),
(12738, 98, 64, '98_2_0084.jpg', '98_2_0084', '2', '2018-09-12 08:30:38', '2018-09-12 08:30:38', 'Finished'),
(12739, 98, 64, '98_2_0085.jpg', '98_2_0085', '2', '2018-09-12 08:30:38', '2018-09-12 08:30:38', 'Finished'),
(12740, 98, 64, '98_2_0086.jpg', '98_2_0086', '2', '2018-09-12 08:30:38', '2018-09-12 08:30:38', 'Finished'),
(12741, 98, 64, '98_2_0087.jpg', '98_2_0087', '2', '2018-09-12 08:30:39', '2018-09-12 08:30:39', 'Finished'),
(12742, 98, 64, '98_2_0088.jpg', '98_2_0088', '2', '2018-09-12 08:30:39', '2018-09-12 08:30:39', 'Finished'),
(12743, 98, 64, '98_2_0089.jpg', '98_2_0089', '2', '2018-09-12 08:30:39', '2018-09-12 08:30:39', 'Finished'),
(12744, 98, 64, '98_2_0090.jpg', '98_2_0090', '2', '2018-09-12 08:30:39', '2018-09-12 08:30:39', 'Finished'),
(12745, 98, 64, '98_2_0091.jpg', '98_2_0091', '2', '2018-09-12 08:30:40', '2018-09-12 08:30:40', 'Finished'),
(12746, 98, 64, '98_2_0092.jpg', '98_2_0092', '2', '2018-09-12 08:30:40', '2018-09-12 08:30:40', 'Finished'),
(12747, 98, 64, '98_2_0093.jpg', '98_2_0093', '2', '2018-09-12 08:30:40', '2018-09-12 08:30:40', 'Finished'),
(12748, 98, 64, '98_2_0094.jpg', '98_2_0094', '2', '2018-09-12 08:30:40', '2018-09-12 08:30:40', 'Finished'),
(12749, 98, 64, '98_2_0095.jpg', '98_2_0095', '2', '2018-09-12 08:30:40', '2018-09-12 08:30:40', 'Finished'),
(12750, 98, 64, '98_2_0096.jpg', '98_2_0096', '2', '2018-09-12 08:30:40', '2018-09-12 08:30:40', 'Finished'),
(12751, 98, 64, '98_2_0097.jpg', '98_2_0097', '2', '2018-09-12 08:30:40', '2018-09-12 08:30:40', 'Finished'),
(12752, 98, 64, '98_2_0098.jpg', '98_2_0098', '2', '2018-09-12 08:30:41', '2018-09-12 08:30:41', 'Finished'),
(12753, 98, 64, '98_2_0099.jpg', '98_2_0099', '2', '2018-09-12 08:30:41', '2018-09-12 08:30:41', 'Finished'),
(12754, 98, 64, '98_2_0100.jpg', '98_2_0100', '2', '2018-09-12 08:30:41', '2018-09-12 08:30:41', 'Finished'),
(12755, 98, 64, '98_2_0101.jpg', '98_2_0101', '2', '2018-09-12 08:30:41', '2018-09-12 08:30:41', 'Finished'),
(12756, 98, 64, '98_2_0102.jpg', '98_2_0102', '2', '2018-09-12 08:30:41', '2018-09-12 08:30:41', 'Finished'),
(12757, 98, 64, '98_2_0103.jpg', '98_2_0103', '2', '2018-09-12 08:30:41', '2018-09-12 08:30:41', 'Finished'),
(12758, 98, 64, '98_2_0104.jpg', '98_2_0104', '2', '2018-09-12 08:30:42', '2018-09-12 08:30:42', 'Finished'),
(12759, 98, 64, '98_2_0105.jpg', '98_2_0105', '2', '2018-09-12 08:30:42', '2018-09-12 08:30:42', 'Finished'),
(12760, 98, 64, '98_2_0106.jpg', '98_2_0106', '2', '2018-09-12 08:30:42', '2018-09-12 08:30:42', 'Finished'),
(12761, 98, 64, '98_2_0107.jpg', '98_2_0107', '2', '2018-09-12 08:30:42', '2018-09-12 08:30:42', 'Finished'),
(12762, 98, 64, '98_2_0108.jpg', '98_2_0108', '2', '2018-09-12 08:30:42', '2018-09-12 08:30:42', 'Finished'),
(12763, 98, 64, '98_2_0109.jpg', '98_2_0109', '2', '2018-09-12 08:30:42', '2018-09-12 08:30:42', 'Finished'),
(12764, 98, 64, '98_2_0110.jpg', '98_2_0110', '2', '2018-09-12 08:30:42', '2018-09-12 08:30:42', 'Finished'),
(12765, 98, 64, '98_2_0111.jpg', '98_2_0111', '2', '2018-09-12 08:30:43', '2018-09-12 08:30:43', 'Finished'),
(12766, 98, 64, '98_2_0112.jpg', '98_2_0112', '2', '2018-09-12 08:30:43', '2018-09-12 08:30:43', 'Finished'),
(12767, 98, 64, '98_2_0113.jpg', '98_2_0113', '2', '2018-09-12 08:30:43', '2018-09-12 08:30:43', 'Finished'),
(12768, 98, 64, '98_2_0114.jpg', '98_2_0114', '2', '2018-09-12 08:30:43', '2018-09-12 08:30:43', 'Finished'),
(12769, 98, 64, '98_2_0115.jpg', '98_2_0115', '2', '2018-09-12 08:30:43', '2018-09-12 08:30:43', 'Finished'),
(12770, 98, 64, '98_2_0116.jpg', '98_2_0116', '2', '2018-09-12 08:30:43', '2018-09-12 08:30:43', 'Finished'),
(12771, 98, 64, '98_2_0117.jpg', '98_2_0117', '2', '2018-09-12 08:30:43', '2018-09-12 08:30:43', 'Finished'),
(12772, 98, 64, '98_2_0118.jpg', '98_2_0118', '2', '2018-09-12 08:30:44', '2018-09-12 08:30:44', 'Finished'),
(12773, 98, 64, '98_2_0119.jpg', '98_2_0119', '2', '2018-09-12 08:30:44', '2018-09-12 08:30:44', 'Finished'),
(12774, 98, 64, '98_2_0120.jpg', '98_2_0120', '2', '2018-09-12 08:30:44', '2018-09-12 08:30:44', 'Finished'),
(12775, 98, 64, '98_2_0121.jpg', '98_2_0121', '2', '2018-09-12 08:30:44', '2018-09-12 08:30:44', 'Finished'),
(12776, 98, 64, '98_2_0122.jpg', '98_2_0122', '2', '2018-09-12 08:30:44', '2018-09-12 08:30:44', 'Finished'),
(12777, 98, 64, '98_2_0123.jpg', '98_2_0123', '2', '2018-09-12 08:30:44', '2018-09-12 08:30:44', 'Finished'),
(12778, 98, 64, '98_2_0124.jpg', '98_2_0124', '2', '2018-09-12 08:30:44', '2018-09-12 08:30:44', 'Finished'),
(12779, 98, 64, '98_2_0125.jpg', '98_2_0125', '2', '2018-09-12 08:30:45', '2018-09-12 08:30:45', 'Finished'),
(12780, 98, 64, '98_2_0126.jpg', '98_2_0126', '2', '2018-09-12 08:30:45', '2018-09-12 08:30:45', 'Finished'),
(12781, 98, 64, '98_2_0127.jpg', '98_2_0127', '2', '2018-09-12 08:30:45', '2018-09-12 08:30:45', 'Finished'),
(12782, 98, 64, '98_2_0128.jpg', '98_2_0128', '2', '2018-09-12 08:30:45', '2018-09-12 08:30:45', 'Finished'),
(12783, 98, 64, '98_2_0129.jpg', '98_2_0129', '2', '2018-09-12 08:30:45', '2018-09-12 08:30:45', 'Finished'),
(12784, 98, 64, '98_2_0130.jpg', '98_2_0130', '2', '2018-09-12 08:30:45', '2018-09-12 08:30:45', 'Finished'),
(12785, 98, 64, '98_2_0131.jpg', '98_2_0131', '2', '2018-09-12 08:30:46', '2018-09-12 08:30:46', 'Finished'),
(12786, 98, 64, '98_2_0132.jpg', '98_2_0132', '2', '2018-09-12 08:30:46', '2018-09-12 08:30:46', 'Finished'),
(12787, 98, 64, '98_2_0133.jpg', '98_2_0133', '2', '2018-09-12 08:30:46', '2018-09-12 08:30:46', 'Finished'),
(12788, 98, 64, '98_2_0134.jpg', '98_2_0134', '2', '2018-09-12 08:30:46', '2018-09-12 08:30:46', 'Finished'),
(12789, 98, 64, '98_2_0135.jpg', '98_2_0135', '2', '2018-09-12 08:30:46', '2018-09-12 08:30:46', 'Finished'),
(12790, 98, 64, '98_2_0136.jpg', '98_2_0136', '2', '2018-09-12 08:30:46', '2018-09-12 08:30:46', 'Finished'),
(12791, 98, 64, '98_2_0137.jpg', '98_2_0137', '2', '2018-09-12 08:30:46', '2018-09-12 08:30:46', 'Finished'),
(12792, 98, 64, '98_2_0138.jpg', '98_2_0138', '2', '2018-09-12 08:30:47', '2018-09-12 08:30:47', 'Finished'),
(12793, 98, 64, '98_2_0139.jpg', '98_2_0139', '2', '2018-09-12 08:30:47', '2018-09-12 08:30:47', 'Finished'),
(12794, 98, 64, '98_2_0140.jpg', '98_2_0140', '2', '2018-09-12 08:30:47', '2018-09-12 08:30:47', 'Finished'),
(12795, 98, 64, '98_2_0141.jpg', '98_2_0141', '2', '2018-09-12 08:30:47', '2018-09-12 08:30:47', 'Finished'),
(12796, 98, 64, '98_2_0142.jpg', '98_2_0142', '2', '2018-09-12 08:30:47', '2018-09-12 08:30:47', 'Finished'),
(12797, 98, 64, '98_2_0143.jpg', '98_2_0143', '2', '2018-09-12 08:30:47', '2018-09-12 08:30:47', 'Finished'),
(12798, 98, 64, '98_2_0144.jpg', '98_2_0144', '2', '2018-09-12 08:30:48', '2018-09-12 08:30:48', 'Finished'),
(12799, 98, 64, '98_2_0145.jpg', '98_2_0145', '2', '2018-09-12 08:30:48', '2018-09-12 08:30:48', 'Finished'),
(12800, 98, 64, '98_2_0146.jpg', '98_2_0146', '2', '2018-09-12 08:30:48', '2018-09-12 08:30:48', 'Finished'),
(12801, 98, 64, '98_2_0147.jpg', '98_2_0147', '2', '2018-09-12 08:30:48', '2018-09-12 08:30:48', 'Finished'),
(12802, 98, 64, '98_2_0148.jpg', '98_2_0148', '2', '2018-09-12 08:30:48', '2018-09-12 08:30:48', 'Finished'),
(12803, 98, 64, '98_2_0149.jpg', '98_2_0149', '2', '2018-09-12 08:30:48', '2018-09-12 08:30:48', 'Finished'),
(12804, 98, 64, '98_2_0150.jpg', '98_2_0150', '2', '2018-09-12 08:30:49', '2018-09-12 08:30:49', 'Finished'),
(12805, 98, 64, '98_2_0151.jpg', '98_2_0151', '2', '2018-09-12 08:30:49', '2018-09-12 08:30:49', 'Finished'),
(12806, 98, 64, '98_2_0152.jpg', '98_2_0152', '2', '2018-09-12 08:30:49', '2018-09-12 08:30:49', 'Finished'),
(12807, 98, 64, '98_2_0153.jpg', '98_2_0153', '2', '2018-09-12 08:30:49', '2018-09-12 08:30:49', 'Finished'),
(12808, 98, 64, '98_2_0154.jpg', '98_2_0154', '2', '2018-09-12 08:30:49', '2018-09-12 08:30:49', 'Finished'),
(12809, 98, 64, '98_2_0155.jpg', '98_2_0155', '2', '2018-09-12 08:30:49', '2018-09-12 08:30:49', 'Finished'),
(12810, 98, 64, '98_2_0156.jpg', '98_2_0156', '2', '2018-09-12 08:30:50', '2018-09-12 08:30:50', 'Finished'),
(12811, 98, 64, '98_2_0157.jpg', '98_2_0157', '2', '2018-09-12 08:30:50', '2018-09-12 08:30:50', 'Finished'),
(12812, 98, 64, '98_2_0158.jpg', '98_2_0158', '2', '2018-09-12 08:30:50', '2018-09-12 08:30:50', 'Finished'),
(12813, 98, 64, '98_2_0159.jpg', '98_2_0159', '2', '2018-09-12 08:30:50', '2018-09-12 08:30:50', 'Finished'),
(12814, 98, 64, '98_2_0160.jpg', '98_2_0160', '2', '2018-09-12 08:30:50', '2018-09-12 08:30:50', 'Finished'),
(12815, 98, 64, '98_2_0161.jpg', '98_2_0161', '2', '2018-09-12 08:30:50', '2018-09-12 08:30:50', 'Finished'),
(12816, 98, 64, '98_2_0162.jpg', '98_2_0162', '2', '2018-09-12 08:30:51', '2018-09-12 08:30:51', 'Finished'),
(12817, 98, 64, '98_2_0163.jpg', '98_2_0163', '2', '2018-09-12 08:30:51', '2018-09-12 08:30:51', 'Finished'),
(12818, 98, 64, '98_2_0164.jpg', '98_2_0164', '2', '2018-09-12 08:30:51', '2018-09-12 08:30:51', 'Finished'),
(12819, 98, 64, '98_2_0165.jpg', '98_2_0165', '2', '2018-09-12 08:30:51', '2018-09-12 08:30:51', 'Finished'),
(12820, 98, 64, '98_2_0166.jpg', '98_2_0166', '2', '2018-09-12 08:30:51', '2018-09-12 08:30:51', 'Finished'),
(12821, 98, 64, '98_2_0167.jpg', '98_2_0167', '2', '2018-09-12 08:30:51', '2018-09-12 08:30:51', 'Finished'),
(12822, 98, 64, '98_2_0168.jpg', '98_2_0168', '2', '2018-09-12 08:30:51', '2018-09-12 08:30:51', 'Finished'),
(12823, 98, 64, '98_2_0169.jpg', '98_2_0169', '2', '2018-09-12 08:30:52', '2018-09-12 08:30:52', 'Finished'),
(12824, 98, 64, '98_2_0170.jpg', '98_2_0170', '2', '2018-09-12 08:30:52', '2018-09-12 08:30:52', 'Finished'),
(12825, 98, 64, '98_2_0171.jpg', '98_2_0171', '2', '2018-09-12 08:30:52', '2018-09-12 08:30:52', 'Finished'),
(12826, 98, 64, '98_2_0172.jpg', '98_2_0172', '2', '2018-09-12 08:30:52', '2018-09-12 08:30:52', 'Finished'),
(12827, 98, 64, '98_2_0173.jpg', '98_2_0173', '2', '2018-09-12 08:30:52', '2018-09-12 08:30:52', 'Finished'),
(12828, 98, 64, '98_2_0174.jpg', '98_2_0174', '2', '2018-09-12 08:30:52', '2018-09-12 08:30:52', 'Finished'),
(12829, 98, 64, '98_2_0175.jpg', '98_2_0175', '2', '2018-09-12 08:30:53', '2018-09-12 08:30:53', 'Finished'),
(12830, 98, 64, '98_2_0176.jpg', '98_2_0176', '2', '2018-09-12 08:30:53', '2018-09-12 08:30:53', 'Finished'),
(12831, 98, 64, '98_2_0177.jpg', '98_2_0177', '2', '2018-09-12 08:30:53', '2018-09-12 08:30:53', 'Finished'),
(12832, 98, 64, '98_2_0178.jpg', '98_2_0178', '2', '2018-09-12 08:30:53', '2018-09-12 08:30:53', 'Finished'),
(12833, 98, 64, '98_2_0179.jpg', '98_2_0179', '2', '2018-09-12 08:30:53', '2018-09-12 08:30:53', 'Finished'),
(12834, 98, 64, '98_2_0180.jpg', '98_2_0180', '2', '2018-09-12 08:30:53', '2018-09-12 08:30:53', 'Finished'),
(12835, 98, 64, '98_2_0181.jpg', '98_2_0181', '2', '2018-09-12 08:30:54', '2018-09-12 08:30:54', 'Finished'),
(12836, 98, 64, '98_2_0182.jpg', '98_2_0182', '2', '2018-09-12 08:30:54', '2018-09-12 08:30:54', 'Finished'),
(12837, 98, 64, '98_2_0183.jpg', '98_2_0183', '2', '2018-09-12 08:30:54', '2018-09-12 08:30:54', 'Finished'),
(12838, 98, 64, '98_2_0184.jpg', '98_2_0184', '2', '2018-09-12 08:30:54', '2018-09-12 08:30:54', 'Finished'),
(12839, 98, 64, '98_2_0185.jpg', '98_2_0185', '2', '2018-09-12 08:30:54', '2018-09-12 08:30:54', 'Finished'),
(12840, 98, 64, '98_2_0186.jpg', '98_2_0186', '2', '2018-09-12 08:30:54', '2018-09-12 08:30:54', 'Finished'),
(12841, 98, 64, '98_2_0187.jpg', '98_2_0187', '2', '2018-09-12 08:30:54', '2018-09-12 08:30:54', 'Finished'),
(12842, 98, 64, '98_2_0188.jpg', '98_2_0188', '2', '2018-09-12 08:30:55', '2018-09-12 08:30:55', 'Finished'),
(12843, 98, 64, '98_2_0189.jpg', '98_2_0189', '2', '2018-09-12 08:30:55', '2018-09-12 08:30:55', 'Finished'),
(12844, 98, 64, '98_2_0190.jpg', '98_2_0190', '2', '2018-09-12 08:30:55', '2018-09-12 08:30:55', 'Finished'),
(12845, 98, 64, '98_2_0191.jpg', '98_2_0191', '2', '2018-09-12 08:30:55', '2018-09-12 08:30:55', 'Finished'),
(12846, 98, 64, '98_2_0192.jpg', '98_2_0192', '2', '2018-09-12 08:30:55', '2018-09-12 08:30:55', 'Finished'),
(12847, 98, 64, '98_2_0193.jpg', '98_2_0193', '2', '2018-09-12 08:30:55', '2018-09-12 08:30:55', 'Finished'),
(12848, 98, 64, '98_2_0194.jpg', '98_2_0194', '2', '2018-09-12 08:30:56', '2018-09-12 08:30:56', 'Finished'),
(12849, 98, 64, '98_2_0195.jpg', '98_2_0195', '2', '2018-09-12 08:30:56', '2018-09-12 08:30:56', 'Finished'),
(12850, 98, 64, '98_2_0196.jpg', '98_2_0196', '2', '2018-09-12 08:30:56', '2018-09-12 08:30:56', 'Finished'),
(12851, 98, 64, '98_2_0197.jpg', '98_2_0197', '2', '2018-09-12 08:30:56', '2018-09-12 08:30:56', 'Finished'),
(12852, 98, 64, '98_2_0198.jpg', '98_2_0198', '2', '2018-09-12 08:30:56', '2018-09-12 08:30:56', 'Finished'),
(12853, 98, 64, '98_2_0199.jpg', '98_2_0199', '2', '2018-09-12 08:30:56', '2018-09-12 08:30:56', 'Finished'),
(12854, 98, 64, '98_2_0200.jpg', '98_2_0200', '2', '2018-09-12 08:30:57', '2018-09-12 08:30:57', 'Finished'),
(12855, 98, 64, '98_2_0201.jpg', '98_2_0201', '2', '2018-09-12 08:30:57', '2018-09-12 08:30:57', 'Finished'),
(12856, 98, 64, '98_2_0202.jpg', '98_2_0202', '2', '2018-09-12 08:30:57', '2018-09-12 08:30:57', 'Finished'),
(12857, 98, 64, '98_2_0203.jpg', '98_2_0203', '2', '2018-09-12 08:30:57', '2018-09-12 08:30:57', 'Finished'),
(12858, 98, 64, '98_2_0204.jpg', '98_2_0204', '2', '2018-09-12 08:30:57', '2018-09-12 08:30:57', 'Finished'),
(12859, 98, 64, '98_2_0205.jpg', '98_2_0205', '2', '2018-09-12 08:30:57', '2018-09-12 08:30:57', 'Finished'),
(12860, 98, 64, '98_2_0206.jpg', '98_2_0206', '2', '2018-09-12 08:30:58', '2018-09-12 08:30:58', 'Finished'),
(12861, 98, 64, '98_2_0207.jpg', '98_2_0207', '2', '2018-09-12 08:30:58', '2018-09-12 08:30:58', 'Finished'),
(12862, 98, 64, '98_2_0208.jpg', '98_2_0208', '2', '2018-09-12 08:30:58', '2018-09-12 08:30:58', 'Finished'),
(12863, 98, 64, '98_2_0209.jpg', '98_2_0209', '2', '2018-09-12 08:30:58', '2018-09-12 08:30:58', 'Finished'),
(12864, 98, 64, '98_2_0210.jpg', '98_2_0210', '2', '2018-09-12 08:30:58', '2018-09-12 08:30:58', 'Finished'),
(12865, 98, 64, '98_2_0211.jpg', '98_2_0211', '2', '2018-09-12 08:30:58', '2018-09-12 08:30:58', 'Finished'),
(12866, 98, 64, '98_2_0212.jpg', '98_2_0212', '2', '2018-09-12 08:30:58', '2018-09-12 08:30:58', 'Finished'),
(12867, 98, 64, '98_2_0213.jpg', '98_2_0213', '2', '2018-09-12 08:30:59', '2018-09-12 08:30:59', 'Finished'),
(12868, 98, 64, '98_2_0214.jpg', '98_2_0214', '2', '2018-09-12 08:30:59', '2018-09-12 08:30:59', 'Finished'),
(12869, 98, 64, '98_2_0215.jpg', '98_2_0215', '2', '2018-09-12 08:30:59', '2018-09-12 08:30:59', 'Finished'),
(12870, 98, 64, '98_2_0216.jpg', '98_2_0216', '2', '2018-09-12 08:30:59', '2018-09-12 08:30:59', 'Finished'),
(12871, 98, 64, '98_2_0217.jpg', '98_2_0217', '2', '2018-09-12 08:30:59', '2018-09-12 08:30:59', 'Finished'),
(12872, 98, 64, '98_2_0218.jpg', '98_2_0218', '2', '2018-09-12 08:30:59', '2018-09-12 08:30:59', 'Finished'),
(12873, 98, 64, '98_2_0219.jpg', '98_2_0219', '2', '2018-09-12 08:31:00', '2018-09-12 08:31:00', 'Finished'),
(12874, 98, 64, '98_2_0220.jpg', '98_2_0220', '2', '2018-09-12 08:31:00', '2018-09-12 08:31:00', 'Finished'),
(12875, 98, 64, '98_2_0221.jpg', '98_2_0221', '2', '2018-09-12 08:31:00', '2018-09-12 08:31:00', 'Finished'),
(12876, 98, 64, '98_2_0222.jpg', '98_2_0222', '2', '2018-09-12 08:31:00', '2018-09-12 08:31:00', 'Finished'),
(12877, 98, 64, '98_2_0223.jpg', '98_2_0223', '2', '2018-09-12 08:31:00', '2018-09-12 08:31:00', 'Finished'),
(12878, 98, 64, '98_2_0224.jpg', '98_2_0224', '2', '2018-09-12 08:31:00', '2018-09-12 08:31:00', 'Finished'),
(12879, 98, 64, '98_2_0225.jpg', '98_2_0225', '2', '2018-09-12 08:31:01', '2018-09-12 08:31:01', 'Finished'),
(12880, 98, 64, '98_2_0226.jpg', '98_2_0226', '2', '2018-09-12 08:31:01', '2018-09-12 08:31:01', 'Finished'),
(12881, 98, 64, '98_2_0227.jpg', '98_2_0227', '2', '2018-09-12 08:31:01', '2018-09-12 08:31:01', 'Finished'),
(12882, 98, 64, '98_2_0228.jpg', '98_2_0228', '2', '2018-09-12 08:31:01', '2018-09-12 08:31:01', 'Finished'),
(12883, 98, 64, '98_2_0229.jpg', '98_2_0229', '2', '2018-09-12 08:31:01', '2018-09-12 08:31:01', 'Finished'),
(12884, 98, 64, '98_2_0230.jpg', '98_2_0230', '2', '2018-09-12 08:31:01', '2018-09-12 08:31:01', 'Finished'),
(12885, 98, 64, '98_2_0231.jpg', '98_2_0231', '2', '2018-09-12 08:31:01', '2018-09-12 08:31:01', 'Finished'),
(12886, 98, 64, '98_2_0232.jpg', '98_2_0232', '2', '2018-09-12 08:31:02', '2018-09-12 08:31:02', 'Finished'),
(12887, 98, 64, '98_2_0233.jpg', '98_2_0233', '2', '2018-09-12 08:31:02', '2018-09-12 08:31:02', 'Finished'),
(12888, 98, 64, '98_2_0234.jpg', '98_2_0234', '2', '2018-09-12 08:31:02', '2018-09-12 08:31:02', 'Finished'),
(12889, 98, 64, '98_2_0235.jpg', '98_2_0235', '2', '2018-09-12 08:31:02', '2018-09-12 08:31:02', 'Finished'),
(12890, 98, 64, '98_2_0236.jpg', '98_2_0236', '2', '2018-09-12 08:31:02', '2018-09-12 08:31:02', 'Finished'),
(12891, 98, 64, '98_2_0237.jpg', '98_2_0237', '2', '2018-09-12 08:31:02', '2018-09-12 08:31:02', 'Finished'),
(12892, 98, 64, '98_2_0238.jpg', '98_2_0238', '2', '2018-09-12 08:31:03', '2018-09-12 08:31:03', 'Finished'),
(12893, 98, 64, '98_2_0239.jpg', '98_2_0239', '2', '2018-09-12 08:31:03', '2018-09-12 08:31:03', 'Finished'),
(12894, 98, 64, '98_2_0240.jpg', '98_2_0240', '2', '2018-09-12 08:31:03', '2018-09-12 08:31:03', 'Finished'),
(12895, 98, 64, '98_2_0241.jpg', '98_2_0241', '2', '2018-09-12 08:31:03', '2018-09-12 08:31:03', 'Finished'),
(12896, 98, 64, '98_2_0242.jpg', '98_2_0242', '2', '2018-09-12 08:31:03', '2018-09-12 08:31:03', 'Finished'),
(12897, 98, 64, '98_2_0243.jpg', '98_2_0243', '2', '2018-09-12 08:31:03', '2018-09-12 08:31:03', 'Finished'),
(12898, 98, 64, '98_2_0244.jpg', '98_2_0244', '2', '2018-09-12 08:31:04', '2018-09-12 08:31:04', 'Finished'),
(12899, 98, 64, '98_2_0245.jpg', '98_2_0245', '2', '2018-09-12 08:31:04', '2018-09-12 08:31:04', 'Finished'),
(12900, 98, 64, '98_2_0246.jpg', '98_2_0246', '2', '2018-09-12 08:31:04', '2018-09-12 08:31:04', 'Finished'),
(12901, 98, 64, '98_2_0247.jpg', '98_2_0247', '2', '2018-09-12 08:31:04', '2018-09-12 08:31:04', 'Finished'),
(12902, 98, 64, '98_2_0248.jpg', '98_2_0248', '2', '2018-09-12 08:31:04', '2018-09-12 08:31:04', 'Finished'),
(12903, 98, 64, '98_2_0249.jpg', '98_2_0249', '2', '2018-09-12 08:31:04', '2018-09-12 08:31:04', 'Finished'),
(12904, 98, 64, '98_2_0250.jpg', '98_2_0250', '2', '2018-09-12 08:31:05', '2018-09-12 08:31:05', 'Finished'),
(12905, 98, 64, '98_2_0251.jpg', '98_2_0251', '2', '2018-09-12 08:31:05', '2018-09-12 08:31:05', 'Finished'),
(12906, 98, 64, '98_2_0252.jpg', '98_2_0252', '2', '2018-09-12 08:31:05', '2018-09-12 08:31:05', 'Finished'),
(12907, 98, 64, '98_2_0253.jpg', '98_2_0253', '2', '2018-09-12 08:31:05', '2018-09-12 08:31:05', 'Finished'),
(12908, 98, 64, '98_2_0254.jpg', '98_2_0254', '2', '2018-09-12 08:31:05', '2018-09-12 08:31:05', 'Finished'),
(12909, 98, 64, '98_2_0255.jpg', '98_2_0255', '2', '2018-09-12 08:31:05', '2018-09-12 08:31:05', 'Finished'),
(12910, 98, 64, '98_2_0256.jpg', '98_2_0256', '2', '2018-09-12 08:31:05', '2018-09-12 08:31:05', 'Finished'),
(12911, 98, 64, '98_2_0257.jpg', '98_2_0257', '2', '2018-09-12 08:31:06', '2018-09-12 08:31:06', 'Finished'),
(12912, 98, 64, '98_2_0258.jpg', '98_2_0258', '2', '2018-09-12 08:31:06', '2018-09-12 08:31:06', 'Finished'),
(12913, 98, 64, '98_2_0259.jpg', '98_2_0259', '2', '2018-09-12 08:31:06', '2018-09-12 08:31:06', 'Finished'),
(12914, 98, 64, '98_2_0001.jpg', '98_2_0001', '2', '2018-09-12 08:31:13', '2018-09-12 08:31:13', 'Finished'),
(12915, 98, 64, '98_2_0002.jpg', '98_2_0002', '2', '2018-09-12 08:31:14', '2018-09-12 08:31:14', 'Finished'),
(12916, 98, 64, '98_2_0003.jpg', '98_2_0003', '2', '2018-09-12 08:31:14', '2018-09-12 08:31:14', 'Finished'),
(12917, 98, 64, '98_2_0004.jpg', '98_2_0004', '2', '2018-09-12 08:31:14', '2018-09-12 08:31:14', 'Finished'),
(12918, 98, 64, '98_2_0005.jpg', '98_2_0005', '2', '2018-09-12 08:31:15', '2018-09-12 08:31:15', 'Finished'),
(12919, 98, 64, '98_2_0006.jpg', '98_2_0006', '2', '2018-09-12 08:31:15', '2018-09-12 08:31:15', 'Finished'),
(12920, 98, 64, '98_2_0007.jpg', '98_2_0007', '2', '2018-09-12 08:31:15', '2018-09-12 08:31:15', 'Finished'),
(12921, 98, 64, '98_2_0008.jpg', '98_2_0008', '2', '2018-09-12 08:31:16', '2018-09-12 08:31:16', 'Finished'),
(12922, 98, 64, '98_2_0009.jpg', '98_2_0009', '2', '2018-09-12 08:31:16', '2018-09-12 08:31:16', 'Finished'),
(12923, 98, 64, '98_2_0010.jpg', '98_2_0010', '2', '2018-09-12 08:31:16', '2018-09-12 08:31:16', 'Finished'),
(12924, 98, 64, '98_2_0011.jpg', '98_2_0011', '2', '2018-09-12 08:31:17', '2018-09-12 08:31:17', 'Finished'),
(12925, 98, 64, '98_2_0012.jpg', '98_2_0012', '2', '2018-09-12 08:31:17', '2018-09-12 08:31:17', 'Finished'),
(12926, 98, 64, '98_2_0013.jpg', '98_2_0013', '2', '2018-09-12 08:31:17', '2018-09-12 08:31:17', 'Finished'),
(12927, 98, 64, '98_2_0014.jpg', '98_2_0014', '2', '2018-09-12 08:31:17', '2018-09-12 08:31:17', 'Finished'),
(12928, 98, 64, '98_2_0015.jpg', '98_2_0015', '2', '2018-09-12 08:31:18', '2018-09-12 08:31:18', 'Finished'),
(12929, 98, 64, '98_2_0016.jpg', '98_2_0016', '2', '2018-09-12 08:31:18', '2018-09-12 08:31:18', 'Finished'),
(12930, 98, 64, '98_2_0017.jpg', '98_2_0017', '2', '2018-09-12 08:31:18', '2018-09-12 08:31:18', 'Finished'),
(12931, 98, 64, '98_2_0018.jpg', '98_2_0018', '2', '2018-09-12 08:31:18', '2018-09-12 08:31:18', 'Finished'),
(12932, 98, 64, '98_2_0019.jpg', '98_2_0019', '2', '2018-09-12 08:31:19', '2018-09-12 08:31:19', 'Finished'),
(12933, 98, 64, '98_2_0020.jpg', '98_2_0020', '2', '2018-09-12 08:31:19', '2018-09-12 08:31:19', 'Finished'),
(12934, 98, 64, '98_2_0021.jpg', '98_2_0021', '2', '2018-09-12 08:31:19', '2018-09-12 08:31:19', 'Finished'),
(12935, 98, 64, '98_2_0022.jpg', '98_2_0022', '2', '2018-09-12 08:31:20', '2018-09-12 08:31:20', 'Finished'),
(12936, 98, 64, '98_2_0023.jpg', '98_2_0023', '2', '2018-09-12 08:31:20', '2018-09-12 08:31:20', 'Finished'),
(12937, 98, 64, '98_2_0024.jpg', '98_2_0024', '2', '2018-09-12 08:31:20', '2018-09-12 08:31:20', 'Finished'),
(12938, 98, 64, '98_2_0025.jpg', '98_2_0025', '2', '2018-09-12 08:31:20', '2018-09-12 08:31:20', 'Finished'),
(12939, 98, 64, '98_2_0026.jpg', '98_2_0026', '2', '2018-09-12 08:31:21', '2018-09-12 08:31:21', 'Finished'),
(12940, 98, 64, '98_2_0027.jpg', '98_2_0027', '2', '2018-09-12 08:31:21', '2018-09-12 08:31:21', 'Finished'),
(12941, 98, 64, '98_2_0028.jpg', '98_2_0028', '2', '2018-09-12 08:31:21', '2018-09-12 08:31:21', 'Finished'),
(12942, 98, 64, '98_2_0029.jpg', '98_2_0029', '2', '2018-09-12 08:31:21', '2018-09-12 08:31:21', 'Finished'),
(12943, 98, 64, '98_2_0030.jpg', '98_2_0030', '2', '2018-09-12 08:31:22', '2018-09-12 08:31:22', 'Finished'),
(12944, 98, 64, '98_2_0031.jpg', '98_2_0031', '2', '2018-09-12 08:31:22', '2018-09-12 08:31:22', 'Finished'),
(12945, 98, 64, '98_2_0032.jpg', '98_2_0032', '2', '2018-09-12 08:31:22', '2018-09-12 08:31:22', 'Finished'),
(12946, 98, 64, '98_2_0033.jpg', '98_2_0033', '2', '2018-09-12 08:31:23', '2018-09-12 08:31:23', 'Finished'),
(12947, 98, 64, '98_2_0034.jpg', '98_2_0034', '2', '2018-09-12 08:31:23', '2018-09-12 08:31:23', 'Finished'),
(12948, 98, 64, '98_2_0035.jpg', '98_2_0035', '2', '2018-09-12 08:31:23', '2018-09-12 08:31:23', 'Finished'),
(12949, 98, 64, '98_2_0036.jpg', '98_2_0036', '2', '2018-09-12 08:31:23', '2018-09-12 08:31:23', 'Finished'),
(12950, 98, 64, '98_2_0037.jpg', '98_2_0037', '2', '2018-09-12 08:31:24', '2018-09-12 08:31:24', 'Finished'),
(12951, 98, 64, '98_2_0038.jpg', '98_2_0038', '2', '2018-09-12 08:31:24', '2018-09-12 08:31:24', 'Finished'),
(12952, 98, 64, '98_2_0039.jpg', '98_2_0039', '2', '2018-09-12 08:31:24', '2018-09-12 08:31:24', 'Finished'),
(12953, 98, 64, '98_2_0040.jpg', '98_2_0040', '2', '2018-09-12 08:31:24', '2018-09-12 08:31:24', 'Finished'),
(12954, 98, 64, '98_2_0041.jpg', '98_2_0041', '2', '2018-09-12 08:31:25', '2018-09-12 08:31:25', 'Finished'),
(12955, 98, 64, '98_2_0042.jpg', '98_2_0042', '2', '2018-09-12 08:31:25', '2018-09-12 08:31:25', 'Finished'),
(12956, 98, 64, '98_2_0043.jpg', '98_2_0043', '2', '2018-09-12 08:31:25', '2018-09-12 08:31:25', 'Finished'),
(12957, 98, 64, '98_2_0044.jpg', '98_2_0044', '2', '2018-09-12 08:31:25', '2018-09-12 08:31:25', 'Finished'),
(12958, 98, 64, '98_2_0045.jpg', '98_2_0045', '2', '2018-09-12 08:31:26', '2018-09-12 08:31:26', 'Finished'),
(12959, 98, 64, '98_2_0046.jpg', '98_2_0046', '2', '2018-09-12 08:31:26', '2018-09-12 08:31:26', 'Finished'),
(12960, 98, 64, '98_2_0047.jpg', '98_2_0047', '2', '2018-09-12 08:31:26', '2018-09-12 08:31:26', 'Finished'),
(12961, 98, 64, '98_2_0048.jpg', '98_2_0048', '2', '2018-09-12 08:31:27', '2018-09-12 08:31:27', 'Finished'),
(12962, 98, 64, '98_2_0049.jpg', '98_2_0049', '2', '2018-09-12 08:31:27', '2018-09-12 08:31:27', 'Finished'),
(12963, 98, 64, '98_2_0050.jpg', '98_2_0050', '2', '2018-09-12 08:31:27', '2018-09-12 08:31:27', 'Finished'),
(12964, 98, 64, '98_2_0051.jpg', '98_2_0051', '2', '2018-09-12 08:31:27', '2018-09-12 08:31:27', 'Finished'),
(12965, 98, 64, '98_2_0052.jpg', '98_2_0052', '2', '2018-09-12 08:31:28', '2018-09-12 08:31:28', 'Finished'),
(12966, 98, 64, '98_2_0053.jpg', '98_2_0053', '2', '2018-09-12 08:31:28', '2018-09-12 08:31:28', 'Finished'),
(12967, 98, 64, '98_2_0054.jpg', '98_2_0054', '2', '2018-09-12 08:31:28', '2018-09-12 08:31:28', 'Finished'),
(12968, 98, 64, '98_2_0055.jpg', '98_2_0055', '2', '2018-09-12 08:31:28', '2018-09-12 08:31:28', 'Finished'),
(12969, 98, 64, '98_2_0056.jpg', '98_2_0056', '2', '2018-09-12 08:31:29', '2018-09-12 08:31:29', 'Finished'),
(12970, 98, 64, '98_2_0057.jpg', '98_2_0057', '2', '2018-09-12 08:31:29', '2018-09-12 08:31:29', 'Finished'),
(12971, 98, 64, '98_2_0058.jpg', '98_2_0058', '2', '2018-09-12 08:31:29', '2018-09-12 08:31:29', 'Finished'),
(12972, 98, 64, '98_2_0059.jpg', '98_2_0059', '2', '2018-09-12 08:31:29', '2018-09-12 08:31:29', 'Finished'),
(12973, 98, 64, '98_2_0060.jpg', '98_2_0060', '2', '2018-09-12 08:31:30', '2018-09-12 08:31:30', 'Finished'),
(12974, 98, 64, '98_2_0061.jpg', '98_2_0061', '2', '2018-09-12 08:31:30', '2018-09-12 08:31:30', 'Finished'),
(12975, 98, 64, '98_2_0062.jpg', '98_2_0062', '2', '2018-09-12 08:31:30', '2018-09-12 08:31:30', 'Finished'),
(12976, 98, 64, '98_2_0063.jpg', '98_2_0063', '2', '2018-09-12 08:31:30', '2018-09-12 08:31:30', 'Finished'),
(12977, 98, 64, '98_2_0064.jpg', '98_2_0064', '2', '2018-09-12 08:31:31', '2018-09-12 08:31:31', 'Finished'),
(12978, 98, 64, '98_2_0065.jpg', '98_2_0065', '2', '2018-09-12 08:31:31', '2018-09-12 08:31:31', 'Finished'),
(12979, 98, 64, '98_2_0066.jpg', '98_2_0066', '2', '2018-09-12 08:31:31', '2018-09-12 08:31:31', 'Finished'),
(12980, 98, 64, '98_2_0067.jpg', '98_2_0067', '2', '2018-09-12 08:31:31', '2018-09-12 08:31:31', 'Finished'),
(12981, 98, 64, '98_2_0068.jpg', '98_2_0068', '2', '2018-09-12 08:31:32', '2018-09-12 08:31:32', 'Finished'),
(12982, 98, 64, '98_2_0069.jpg', '98_2_0069', '2', '2018-09-12 08:31:32', '2018-09-12 08:31:32', 'Finished'),
(12983, 98, 64, '98_2_0070.jpg', '98_2_0070', '2', '2018-09-12 08:31:32', '2018-09-12 08:31:32', 'Finished'),
(12984, 98, 64, '98_2_0071.jpg', '98_2_0071', '2', '2018-09-12 08:31:32', '2018-09-12 08:31:32', 'Finished'),
(12985, 98, 64, '98_2_0072.jpg', '98_2_0072', '2', '2018-09-12 08:31:33', '2018-09-12 08:31:33', 'Finished'),
(12986, 98, 64, '98_2_0073.jpg', '98_2_0073', '2', '2018-09-12 08:31:33', '2018-09-12 08:31:33', 'Finished'),
(12987, 98, 64, '98_2_0074.jpg', '98_2_0074', '2', '2018-09-12 08:31:33', '2018-09-12 08:31:33', 'Finished'),
(12988, 98, 64, '98_2_0075.jpg', '98_2_0075', '2', '2018-09-12 08:31:34', '2018-09-12 08:31:34', 'Finished'),
(12989, 98, 64, '98_2_0076.jpg', '98_2_0076', '2', '2018-09-12 08:31:34', '2018-09-12 08:31:34', 'Finished'),
(12990, 98, 64, '98_2_0077.jpg', '98_2_0077', '2', '2018-09-12 08:31:34', '2018-09-12 08:31:34', 'Finished'),
(12991, 98, 64, '98_2_0078.jpg', '98_2_0078', '2', '2018-09-12 08:31:34', '2018-09-12 08:31:34', 'Finished'),
(12992, 98, 64, '98_2_0079.jpg', '98_2_0079', '2', '2018-09-12 08:31:35', '2018-09-12 08:31:35', 'Finished'),
(12993, 98, 64, '98_2_0080.jpg', '98_2_0080', '2', '2018-09-12 08:31:35', '2018-09-12 08:31:35', 'Finished'),
(12994, 98, 64, '98_2_0081.jpg', '98_2_0081', '2', '2018-09-12 08:31:35', '2018-09-12 08:31:35', 'Finished'),
(12995, 98, 64, '98_2_0082.jpg', '98_2_0082', '2', '2018-09-12 08:31:35', '2018-09-12 08:31:35', 'Finished'),
(12996, 98, 64, '98_2_0083.jpg', '98_2_0083', '2', '2018-09-12 08:31:36', '2018-09-12 08:31:36', 'Finished'),
(12997, 98, 64, '98_2_0084.jpg', '98_2_0084', '2', '2018-09-12 08:31:36', '2018-09-12 08:31:36', 'Finished'),
(12998, 98, 64, '98_2_0085.jpg', '98_2_0085', '2', '2018-09-12 08:31:36', '2018-09-12 08:31:36', 'Finished'),
(12999, 98, 64, '98_2_0086.jpg', '98_2_0086', '2', '2018-09-12 08:31:36', '2018-09-12 08:31:36', 'Finished'),
(13000, 98, 64, '98_2_0087.jpg', '98_2_0087', '2', '2018-09-12 08:31:37', '2018-09-12 08:31:37', 'Finished'),
(13001, 98, 64, '98_2_0088.jpg', '98_2_0088', '2', '2018-09-12 08:31:37', '2018-09-12 08:31:37', 'Finished'),
(13002, 98, 64, '98_2_0089.jpg', '98_2_0089', '2', '2018-09-12 08:31:37', '2018-09-12 08:31:37', 'Finished'),
(13003, 98, 64, '98_2_0090.jpg', '98_2_0090', '2', '2018-09-12 08:31:37', '2018-09-12 08:31:37', 'Finished'),
(13004, 98, 64, '98_2_0091.jpg', '98_2_0091', '2', '2018-09-12 08:31:37', '2018-09-12 08:31:37', 'Finished'),
(13005, 98, 64, '98_2_0092.jpg', '98_2_0092', '2', '2018-09-12 08:31:38', '2018-09-12 08:31:38', 'Finished'),
(13006, 98, 64, '98_2_0093.jpg', '98_2_0093', '2', '2018-09-12 08:31:38', '2018-09-12 08:31:38', 'Finished'),
(13007, 98, 64, '98_2_0094.jpg', '98_2_0094', '2', '2018-09-12 08:31:38', '2018-09-12 08:31:38', 'Finished'),
(13008, 98, 64, '98_2_0095.jpg', '98_2_0095', '2', '2018-09-12 08:31:38', '2018-09-12 08:31:38', 'Finished'),
(13009, 98, 64, '98_2_0096.jpg', '98_2_0096', '2', '2018-09-12 08:31:38', '2018-09-12 08:31:38', 'Finished'),
(13010, 98, 64, '98_2_0097.jpg', '98_2_0097', '2', '2018-09-12 08:31:38', '2018-09-12 08:31:38', 'Finished'),
(13011, 98, 64, '98_2_0098.jpg', '98_2_0098', '2', '2018-09-12 08:31:39', '2018-09-12 08:31:39', 'Finished'),
(13012, 98, 64, '98_2_0099.jpg', '98_2_0099', '2', '2018-09-12 08:31:39', '2018-09-12 08:31:39', 'Finished'),
(13013, 98, 64, '98_2_0100.jpg', '98_2_0100', '2', '2018-09-12 08:31:39', '2018-09-12 08:31:39', 'Finished'),
(13014, 98, 64, '98_2_0101.jpg', '98_2_0101', '2', '2018-09-12 08:31:39', '2018-09-12 08:31:39', 'Finished'),
(13015, 98, 64, '98_2_0102.jpg', '98_2_0102', '2', '2018-09-12 08:31:39', '2018-09-12 08:31:39', 'Finished'),
(13016, 98, 64, '98_2_0103.jpg', '98_2_0103', '2', '2018-09-12 08:31:39', '2018-09-12 08:31:39', 'Finished'),
(13017, 98, 64, '98_2_0104.jpg', '98_2_0104', '2', '2018-09-12 08:31:40', '2018-09-12 08:31:40', 'Finished'),
(13018, 98, 64, '98_2_0105.jpg', '98_2_0105', '2', '2018-09-12 08:31:40', '2018-09-12 08:31:40', 'Finished'),
(13019, 98, 64, '98_2_0106.jpg', '98_2_0106', '2', '2018-09-12 08:31:40', '2018-09-12 08:31:40', 'Finished'),
(13020, 98, 64, '98_2_0107.jpg', '98_2_0107', '2', '2018-09-12 08:31:40', '2018-09-12 08:31:40', 'Finished'),
(13021, 98, 64, '98_2_0108.jpg', '98_2_0108', '2', '2018-09-12 08:31:40', '2018-09-12 08:31:40', 'Finished'),
(13022, 98, 64, '98_2_0109.jpg', '98_2_0109', '2', '2018-09-12 08:31:41', '2018-09-12 08:31:41', 'Finished'),
(13023, 98, 64, '98_2_0110.jpg', '98_2_0110', '2', '2018-09-12 08:31:41', '2018-09-12 08:31:41', 'Finished'),
(13024, 98, 64, '98_2_0111.jpg', '98_2_0111', '2', '2018-09-12 08:31:41', '2018-09-12 08:31:41', 'Finished'),
(13025, 98, 64, '98_2_0112.jpg', '98_2_0112', '2', '2018-09-12 08:31:41', '2018-09-12 08:31:41', 'Finished'),
(13026, 98, 64, '98_2_0113.jpg', '98_2_0113', '2', '2018-09-12 08:31:41', '2018-09-12 08:31:41', 'Finished'),
(13027, 98, 64, '98_2_0114.jpg', '98_2_0114', '2', '2018-09-12 08:31:41', '2018-09-12 08:31:41', 'Finished'),
(13028, 98, 64, '98_2_0115.jpg', '98_2_0115', '2', '2018-09-12 08:31:42', '2018-09-12 08:31:42', 'Finished'),
(13029, 98, 64, '98_2_0116.jpg', '98_2_0116', '2', '2018-09-12 08:31:42', '2018-09-12 08:31:42', 'Finished'),
(13030, 98, 64, '98_2_0117.jpg', '98_2_0117', '2', '2018-09-12 08:31:42', '2018-09-12 08:31:42', 'Finished'),
(13031, 98, 64, '98_2_0118.jpg', '98_2_0118', '2', '2018-09-12 08:31:42', '2018-09-12 08:31:42', 'Finished'),
(13032, 98, 64, '98_2_0119.jpg', '98_2_0119', '2', '2018-09-12 08:31:42', '2018-09-12 08:31:42', 'Finished'),
(13033, 98, 64, '98_2_0120.jpg', '98_2_0120', '2', '2018-09-12 08:31:42', '2018-09-12 08:31:42', 'Finished'),
(13034, 98, 64, '98_2_0121.jpg', '98_2_0121', '2', '2018-09-12 08:31:42', '2018-09-12 08:31:42', 'Finished'),
(13035, 98, 64, '98_2_0122.jpg', '98_2_0122', '2', '2018-09-12 08:31:43', '2018-09-12 08:31:43', 'Finished'),
(13036, 98, 64, '98_2_0123.jpg', '98_2_0123', '2', '2018-09-12 08:31:43', '2018-09-12 08:31:43', 'Finished'),
(13037, 98, 64, '98_2_0124.jpg', '98_2_0124', '2', '2018-09-12 08:31:43', '2018-09-12 08:31:43', 'Finished'),
(13038, 98, 64, '98_2_0125.jpg', '98_2_0125', '2', '2018-09-12 08:31:43', '2018-09-12 08:31:43', 'Finished'),
(13039, 98, 64, '98_2_0126.jpg', '98_2_0126', '2', '2018-09-12 08:31:43', '2018-09-12 08:31:43', 'Finished'),
(13040, 98, 64, '98_2_0127.jpg', '98_2_0127', '2', '2018-09-12 08:31:43', '2018-09-12 08:31:43', 'Finished'),
(13041, 98, 64, '98_2_0128.jpg', '98_2_0128', '2', '2018-09-12 08:31:44', '2018-09-12 08:31:44', 'Finished'),
(13042, 98, 64, '98_2_0129.jpg', '98_2_0129', '2', '2018-09-12 08:31:44', '2018-09-12 08:31:44', 'Finished'),
(13043, 98, 64, '98_2_0130.jpg', '98_2_0130', '2', '2018-09-12 08:31:44', '2018-09-12 08:31:44', 'Finished'),
(13044, 98, 64, '98_2_0131.jpg', '98_2_0131', '2', '2018-09-12 08:31:44', '2018-09-12 08:31:44', 'Finished'),
(13045, 98, 64, '98_2_0132.jpg', '98_2_0132', '2', '2018-09-12 08:31:44', '2018-09-12 08:31:44', 'Finished'),
(13046, 98, 64, '98_2_0133.jpg', '98_2_0133', '2', '2018-09-12 08:31:44', '2018-09-12 08:31:44', 'Finished'),
(13047, 98, 64, '98_2_0134.jpg', '98_2_0134', '2', '2018-09-12 08:31:44', '2018-09-12 08:31:44', 'Finished'),
(13048, 98, 64, '98_2_0135.jpg', '98_2_0135', '2', '2018-09-12 08:31:45', '2018-09-12 08:31:45', 'Finished'),
(13049, 98, 64, '98_2_0136.jpg', '98_2_0136', '2', '2018-09-12 08:31:45', '2018-09-12 08:31:45', 'Finished'),
(13050, 98, 64, '98_2_0137.jpg', '98_2_0137', '2', '2018-09-12 08:31:45', '2018-09-12 08:31:45', 'Finished');
INSERT INTO `training_images` (`id`, `instruction_id`, `video_id`, `image_path`, `label_name`, `order_n`, `created_at`, `created_from`, `status`) VALUES
(13051, 98, 64, '98_2_0138.jpg', '98_2_0138', '2', '2018-09-12 08:31:45', '2018-09-12 08:31:45', 'Finished'),
(13052, 98, 64, '98_2_0139.jpg', '98_2_0139', '2', '2018-09-12 08:31:45', '2018-09-12 08:31:45', 'Finished'),
(13053, 98, 64, '98_2_0140.jpg', '98_2_0140', '2', '2018-09-12 08:31:45', '2018-09-12 08:31:45', 'Finished'),
(13054, 98, 64, '98_2_0141.jpg', '98_2_0141', '2', '2018-09-12 08:31:46', '2018-09-12 08:31:46', 'Finished'),
(13055, 98, 64, '98_2_0142.jpg', '98_2_0142', '2', '2018-09-12 08:31:46', '2018-09-12 08:31:46', 'Finished'),
(13056, 98, 64, '98_2_0143.jpg', '98_2_0143', '2', '2018-09-12 08:31:46', '2018-09-12 08:31:46', 'Finished'),
(13057, 98, 64, '98_2_0144.jpg', '98_2_0144', '2', '2018-09-12 08:31:46', '2018-09-12 08:31:46', 'Finished'),
(13058, 98, 64, '98_2_0145.jpg', '98_2_0145', '2', '2018-09-12 08:31:46', '2018-09-12 08:31:46', 'Finished'),
(13059, 98, 64, '98_2_0146.jpg', '98_2_0146', '2', '2018-09-12 08:31:46', '2018-09-12 08:31:46', 'Finished'),
(13060, 98, 64, '98_2_0147.jpg', '98_2_0147', '2', '2018-09-12 08:31:46', '2018-09-12 08:31:46', 'Finished'),
(13061, 98, 64, '98_2_0148.jpg', '98_2_0148', '2', '2018-09-12 08:31:47', '2018-09-12 08:31:47', 'Finished'),
(13062, 98, 64, '98_2_0149.jpg', '98_2_0149', '2', '2018-09-12 08:31:47', '2018-09-12 08:31:47', 'Finished'),
(13063, 98, 64, '98_2_0150.jpg', '98_2_0150', '2', '2018-09-12 08:31:47', '2018-09-12 08:31:47', 'Finished'),
(13064, 98, 64, '98_2_0151.jpg', '98_2_0151', '2', '2018-09-12 08:31:47', '2018-09-12 08:31:47', 'Finished'),
(13065, 98, 64, '98_2_0152.jpg', '98_2_0152', '2', '2018-09-12 08:31:47', '2018-09-12 08:31:47', 'Finished'),
(13066, 98, 64, '98_2_0153.jpg', '98_2_0153', '2', '2018-09-12 08:31:47', '2018-09-12 08:31:47', 'Finished'),
(13067, 98, 64, '98_2_0154.jpg', '98_2_0154', '2', '2018-09-12 08:31:47', '2018-09-12 08:31:47', 'Finished'),
(13068, 98, 64, '98_2_0155.jpg', '98_2_0155', '2', '2018-09-12 08:31:48', '2018-09-12 08:31:48', 'Finished'),
(13069, 98, 64, '98_2_0156.jpg', '98_2_0156', '2', '2018-09-12 08:31:48', '2018-09-12 08:31:48', 'Finished'),
(13070, 98, 64, '98_2_0157.jpg', '98_2_0157', '2', '2018-09-12 08:31:48', '2018-09-12 08:31:48', 'Finished'),
(13071, 98, 64, '98_2_0158.jpg', '98_2_0158', '2', '2018-09-12 08:31:48', '2018-09-12 08:31:48', 'Finished'),
(13072, 98, 64, '98_2_0159.jpg', '98_2_0159', '2', '2018-09-12 08:31:48', '2018-09-12 08:31:48', 'Finished'),
(13073, 98, 64, '98_2_0160.jpg', '98_2_0160', '2', '2018-09-12 08:31:48', '2018-09-12 08:31:48', 'Finished'),
(13074, 98, 64, '98_2_0161.jpg', '98_2_0161', '2', '2018-09-12 08:31:49', '2018-09-12 08:31:49', 'Finished'),
(13075, 98, 64, '98_2_0162.jpg', '98_2_0162', '2', '2018-09-12 08:31:49', '2018-09-12 08:31:49', 'Finished'),
(13076, 98, 64, '98_2_0163.jpg', '98_2_0163', '2', '2018-09-12 08:31:49', '2018-09-12 08:31:49', 'Finished'),
(13077, 98, 64, '98_2_0164.jpg', '98_2_0164', '2', '2018-09-12 08:31:49', '2018-09-12 08:31:49', 'Finished'),
(13078, 98, 64, '98_2_0165.jpg', '98_2_0165', '2', '2018-09-12 08:31:49', '2018-09-12 08:31:49', 'Finished'),
(13079, 98, 64, '98_2_0166.jpg', '98_2_0166', '2', '2018-09-12 08:31:49', '2018-09-12 08:31:49', 'Finished'),
(13080, 98, 64, '98_2_0167.jpg', '98_2_0167', '2', '2018-09-12 08:31:50', '2018-09-12 08:31:50', 'Finished'),
(13081, 98, 64, '98_2_0168.jpg', '98_2_0168', '2', '2018-09-12 08:31:50', '2018-09-12 08:31:50', 'Finished'),
(13082, 98, 64, '98_2_0169.jpg', '98_2_0169', '2', '2018-09-12 08:31:50', '2018-09-12 08:31:50', 'Finished'),
(13083, 98, 64, '98_2_0170.jpg', '98_2_0170', '2', '2018-09-12 08:31:50', '2018-09-12 08:31:50', 'Finished'),
(13084, 98, 64, '98_2_0171.jpg', '98_2_0171', '2', '2018-09-12 08:31:50', '2018-09-12 08:31:50', 'Finished'),
(13085, 98, 64, '98_2_0172.jpg', '98_2_0172', '2', '2018-09-12 08:31:50', '2018-09-12 08:31:50', 'Finished'),
(13086, 98, 64, '98_2_0173.jpg', '98_2_0173', '2', '2018-09-12 08:31:51', '2018-09-12 08:31:51', 'Finished'),
(13087, 98, 64, '98_2_0174.jpg', '98_2_0174', '2', '2018-09-12 08:31:51', '2018-09-12 08:31:51', 'Finished'),
(13088, 98, 64, '98_2_0175.jpg', '98_2_0175', '2', '2018-09-12 08:31:51', '2018-09-12 08:31:51', 'Finished'),
(13089, 98, 64, '98_2_0176.jpg', '98_2_0176', '2', '2018-09-12 08:31:51', '2018-09-12 08:31:51', 'Finished'),
(13090, 98, 64, '98_2_0177.jpg', '98_2_0177', '2', '2018-09-12 08:31:51', '2018-09-12 08:31:51', 'Finished'),
(13091, 98, 64, '98_2_0178.jpg', '98_2_0178', '2', '2018-09-12 08:31:51', '2018-09-12 08:31:51', 'Finished'),
(13092, 98, 64, '98_2_0179.jpg', '98_2_0179', '2', '2018-09-12 08:31:52', '2018-09-12 08:31:52', 'Finished'),
(13093, 98, 64, '98_2_0180.jpg', '98_2_0180', '2', '2018-09-12 08:31:52', '2018-09-12 08:31:52', 'Finished'),
(13094, 98, 64, '98_2_0181.jpg', '98_2_0181', '2', '2018-09-12 08:31:52', '2018-09-12 08:31:52', 'Finished'),
(13095, 98, 64, '98_2_0182.jpg', '98_2_0182', '2', '2018-09-12 08:31:52', '2018-09-12 08:31:52', 'Finished'),
(13096, 98, 64, '98_2_0183.jpg', '98_2_0183', '2', '2018-09-12 08:31:52', '2018-09-12 08:31:52', 'Finished'),
(13097, 98, 64, '98_2_0184.jpg', '98_2_0184', '2', '2018-09-12 08:31:52', '2018-09-12 08:31:52', 'Finished'),
(13098, 98, 64, '98_2_0185.jpg', '98_2_0185', '2', '2018-09-12 08:31:52', '2018-09-12 08:31:52', 'Finished'),
(13099, 98, 64, '98_2_0186.jpg', '98_2_0186', '2', '2018-09-12 08:31:53', '2018-09-12 08:31:53', 'Finished'),
(13100, 98, 64, '98_2_0187.jpg', '98_2_0187', '2', '2018-09-12 08:31:53', '2018-09-12 08:31:53', 'Finished'),
(13101, 98, 64, '98_2_0188.jpg', '98_2_0188', '2', '2018-09-12 08:31:53', '2018-09-12 08:31:53', 'Finished'),
(13102, 98, 64, '98_2_0189.jpg', '98_2_0189', '2', '2018-09-12 08:31:53', '2018-09-12 08:31:53', 'Finished'),
(13103, 98, 64, '98_2_0190.jpg', '98_2_0190', '2', '2018-09-12 08:31:53', '2018-09-12 08:31:53', 'Finished'),
(13104, 98, 64, '98_2_0191.jpg', '98_2_0191', '2', '2018-09-12 08:31:53', '2018-09-12 08:31:53', 'Finished'),
(13105, 98, 64, '98_2_0192.jpg', '98_2_0192', '2', '2018-09-12 08:31:53', '2018-09-12 08:31:53', 'Finished'),
(13106, 98, 64, '98_2_0193.jpg', '98_2_0193', '2', '2018-09-12 08:31:54', '2018-09-12 08:31:54', 'Finished'),
(13107, 98, 64, '98_2_0194.jpg', '98_2_0194', '2', '2018-09-12 08:31:54', '2018-09-12 08:31:54', 'Finished'),
(13108, 98, 64, '98_2_0195.jpg', '98_2_0195', '2', '2018-09-12 08:31:54', '2018-09-12 08:31:54', 'Finished'),
(13109, 98, 64, '98_2_0196.jpg', '98_2_0196', '2', '2018-09-12 08:31:54', '2018-09-12 08:31:54', 'Finished'),
(13110, 98, 64, '98_2_0197.jpg', '98_2_0197', '2', '2018-09-12 08:31:54', '2018-09-12 08:31:54', 'Finished'),
(13111, 98, 64, '98_2_0198.jpg', '98_2_0198', '2', '2018-09-12 08:31:54', '2018-09-12 08:31:54', 'Finished'),
(13112, 98, 64, '98_2_0199.jpg', '98_2_0199', '2', '2018-09-12 08:31:55', '2018-09-12 08:31:55', 'Finished'),
(13113, 98, 64, '98_2_0200.jpg', '98_2_0200', '2', '2018-09-12 08:31:55', '2018-09-12 08:31:55', 'Finished'),
(13114, 98, 64, '98_2_0201.jpg', '98_2_0201', '2', '2018-09-12 08:31:55', '2018-09-12 08:31:55', 'Finished'),
(13115, 98, 64, '98_2_0202.jpg', '98_2_0202', '2', '2018-09-12 08:31:55', '2018-09-12 08:31:55', 'Finished'),
(13116, 98, 64, '98_2_0203.jpg', '98_2_0203', '2', '2018-09-12 08:31:55', '2018-09-12 08:31:55', 'Finished'),
(13117, 98, 64, '98_2_0204.jpg', '98_2_0204', '2', '2018-09-12 08:31:55', '2018-09-12 08:31:55', 'Finished'),
(13118, 98, 64, '98_2_0205.jpg', '98_2_0205', '2', '2018-09-12 08:31:55', '2018-09-12 08:31:55', 'Finished'),
(13119, 98, 64, '98_2_0206.jpg', '98_2_0206', '2', '2018-09-12 08:31:56', '2018-09-12 08:31:56', 'Finished'),
(13120, 98, 64, '98_2_0207.jpg', '98_2_0207', '2', '2018-09-12 08:31:56', '2018-09-12 08:31:56', 'Finished'),
(13121, 98, 64, '98_2_0208.jpg', '98_2_0208', '2', '2018-09-12 08:31:56', '2018-09-12 08:31:56', 'Finished'),
(13122, 98, 64, '98_2_0209.jpg', '98_2_0209', '2', '2018-09-12 08:31:56', '2018-09-12 08:31:56', 'Finished'),
(13123, 98, 64, '98_2_0210.jpg', '98_2_0210', '2', '2018-09-12 08:31:56', '2018-09-12 08:31:56', 'Finished'),
(13124, 98, 64, '98_2_0211.jpg', '98_2_0211', '2', '2018-09-12 08:31:56', '2018-09-12 08:31:56', 'Finished'),
(13125, 98, 64, '98_2_0212.jpg', '98_2_0212', '2', '2018-09-12 08:31:56', '2018-09-12 08:31:56', 'Finished'),
(13126, 98, 64, '98_2_0213.jpg', '98_2_0213', '2', '2018-09-12 08:31:57', '2018-09-12 08:31:57', 'Finished'),
(13127, 98, 64, '98_2_0214.jpg', '98_2_0214', '2', '2018-09-12 08:31:57', '2018-09-12 08:31:57', 'Finished'),
(13128, 98, 64, '98_2_0215.jpg', '98_2_0215', '2', '2018-09-12 08:31:57', '2018-09-12 08:31:57', 'Finished'),
(13129, 98, 64, '98_2_0216.jpg', '98_2_0216', '2', '2018-09-12 08:31:57', '2018-09-12 08:31:57', 'Finished'),
(13130, 98, 64, '98_2_0217.jpg', '98_2_0217', '2', '2018-09-12 08:31:57', '2018-09-12 08:31:57', 'Finished'),
(13131, 98, 64, '98_2_0218.jpg', '98_2_0218', '2', '2018-09-12 08:31:57', '2018-09-12 08:31:57', 'Finished'),
(13132, 98, 64, '98_2_0219.jpg', '98_2_0219', '2', '2018-09-12 08:31:58', '2018-09-12 08:31:58', 'Finished'),
(13133, 98, 64, '98_2_0220.jpg', '98_2_0220', '2', '2018-09-12 08:31:58', '2018-09-12 08:31:58', 'Finished'),
(13134, 98, 64, '98_2_0221.jpg', '98_2_0221', '2', '2018-09-12 08:31:58', '2018-09-12 08:31:58', 'Finished'),
(13135, 98, 64, '98_2_0222.jpg', '98_2_0222', '2', '2018-09-12 08:31:58', '2018-09-12 08:31:58', 'Finished'),
(13136, 98, 64, '98_2_0223.jpg', '98_2_0223', '2', '2018-09-12 08:31:58', '2018-09-12 08:31:58', 'Finished'),
(13137, 98, 64, '98_2_0224.jpg', '98_2_0224', '2', '2018-09-12 08:31:58', '2018-09-12 08:31:58', 'Finished'),
(13138, 98, 64, '98_2_0225.jpg', '98_2_0225', '2', '2018-09-12 08:31:59', '2018-09-12 08:31:59', 'Finished'),
(13139, 98, 64, '98_2_0226.jpg', '98_2_0226', '2', '2018-09-12 08:31:59', '2018-09-12 08:31:59', 'Finished'),
(13140, 98, 64, '98_2_0227.jpg', '98_2_0227', '2', '2018-09-12 08:31:59', '2018-09-12 08:31:59', 'Finished'),
(13141, 98, 64, '98_2_0228.jpg', '98_2_0228', '2', '2018-09-12 08:31:59', '2018-09-12 08:31:59', 'Finished'),
(13142, 98, 64, '98_2_0229.jpg', '98_2_0229', '2', '2018-09-12 08:31:59', '2018-09-12 08:31:59', 'Finished'),
(13143, 98, 64, '98_2_0230.jpg', '98_2_0230', '2', '2018-09-12 08:31:59', '2018-09-12 08:31:59', 'Finished'),
(13144, 98, 64, '98_2_0231.jpg', '98_2_0231', '2', '2018-09-12 08:31:59', '2018-09-12 08:31:59', 'Finished'),
(13145, 98, 64, '98_2_0232.jpg', '98_2_0232', '2', '2018-09-12 08:32:00', '2018-09-12 08:32:00', 'Finished'),
(13146, 98, 64, '98_2_0233.jpg', '98_2_0233', '2', '2018-09-12 08:32:00', '2018-09-12 08:32:00', 'Finished'),
(13147, 98, 64, '98_2_0234.jpg', '98_2_0234', '2', '2018-09-12 08:32:00', '2018-09-12 08:32:00', 'Finished'),
(13148, 98, 64, '98_2_0235.jpg', '98_2_0235', '2', '2018-09-12 08:32:00', '2018-09-12 08:32:00', 'Finished'),
(13149, 98, 64, '98_2_0236.jpg', '98_2_0236', '2', '2018-09-12 08:32:00', '2018-09-12 08:32:00', 'Finished'),
(13150, 98, 64, '98_2_0237.jpg', '98_2_0237', '2', '2018-09-12 08:32:00', '2018-09-12 08:32:00', 'Finished'),
(13151, 98, 64, '98_2_0238.jpg', '98_2_0238', '2', '2018-09-12 08:32:00', '2018-09-12 08:32:00', 'Finished'),
(13152, 98, 64, '98_2_0239.jpg', '98_2_0239', '2', '2018-09-12 08:32:01', '2018-09-12 08:32:01', 'Finished'),
(13153, 98, 64, '98_2_0240.jpg', '98_2_0240', '2', '2018-09-12 08:32:01', '2018-09-12 08:32:01', 'Finished'),
(13154, 98, 64, '98_2_0241.jpg', '98_2_0241', '2', '2018-09-12 08:32:01', '2018-09-12 08:32:01', 'Finished'),
(13155, 98, 64, '98_2_0242.jpg', '98_2_0242', '2', '2018-09-12 08:32:01', '2018-09-12 08:32:01', 'Finished'),
(13156, 98, 64, '98_2_0243.jpg', '98_2_0243', '2', '2018-09-12 08:32:01', '2018-09-12 08:32:01', 'Finished'),
(13157, 98, 64, '98_2_0244.jpg', '98_2_0244', '2', '2018-09-12 08:32:01', '2018-09-12 08:32:01', 'Finished'),
(13158, 98, 64, '98_2_0245.jpg', '98_2_0245', '2', '2018-09-12 08:32:01', '2018-09-12 08:32:01', 'Finished'),
(13159, 98, 64, '98_2_0246.jpg', '98_2_0246', '2', '2018-09-12 08:32:02', '2018-09-12 08:32:02', 'Finished'),
(13160, 98, 64, '98_2_0247.jpg', '98_2_0247', '2', '2018-09-12 08:32:02', '2018-09-12 08:32:02', 'Finished'),
(13161, 98, 64, '98_2_0248.jpg', '98_2_0248', '2', '2018-09-12 08:32:02', '2018-09-12 08:32:02', 'Finished'),
(13162, 98, 64, '98_2_0249.jpg', '98_2_0249', '2', '2018-09-12 08:32:02', '2018-09-12 08:32:02', 'Finished'),
(13163, 98, 64, '98_2_0250.jpg', '98_2_0250', '2', '2018-09-12 08:32:02', '2018-09-12 08:32:02', 'Finished'),
(13164, 98, 64, '98_2_0251.jpg', '98_2_0251', '2', '2018-09-12 08:32:02', '2018-09-12 08:32:02', 'Finished'),
(13165, 98, 64, '98_2_0252.jpg', '98_2_0252', '2', '2018-09-12 08:32:03', '2018-09-12 08:32:03', 'Finished'),
(13166, 98, 64, '98_2_0253.jpg', '98_2_0253', '2', '2018-09-12 08:32:03', '2018-09-12 08:32:03', 'Finished'),
(13167, 98, 64, '98_2_0254.jpg', '98_2_0254', '2', '2018-09-12 08:32:03', '2018-09-12 08:32:03', 'Finished'),
(13168, 98, 64, '98_2_0255.jpg', '98_2_0255', '2', '2018-09-12 08:32:03', '2018-09-12 08:32:03', 'Finished'),
(13169, 98, 64, '98_2_0256.jpg', '98_2_0256', '2', '2018-09-12 08:32:03', '2018-09-12 08:32:03', 'Finished'),
(13170, 98, 64, '98_2_0257.jpg', '98_2_0257', '2', '2018-09-12 08:32:03', '2018-09-12 08:32:03', 'Finished'),
(13171, 98, 64, '98_2_0258.jpg', '98_2_0258', '2', '2018-09-12 08:32:04', '2018-09-12 08:32:04', 'Finished'),
(13172, 98, 64, '98_2_0259.jpg', '98_2_0259', '2', '2018-09-12 08:32:04', '2018-09-12 08:32:04', 'Finished');

-- --------------------------------------------------------

--
-- Table structure for table `video_collection`
--

CREATE TABLE `video_collection` (
  `id` int(11) NOT NULL,
  `instruction_id` int(11) NOT NULL,
  `video_path` varchar(200) NOT NULL,
  `no_images` varchar(200) NOT NULL,
  `label_name` varchar(200) NOT NULL,
  `order_n` varchar(200) NOT NULL,
  `created_at` timestamp NOT NULL DEFAULT CURRENT_TIMESTAMP,
  `created_from` timestamp NOT NULL DEFAULT CURRENT_TIMESTAMP ON UPDATE CURRENT_TIMESTAMP,
  `status` varchar(100) NOT NULL,
  `duration` varchar(200) NOT NULL
) ENGINE=InnoDB DEFAULT CHARSET=latin1;

--
-- Dumping data for table `video_collection`
--

INSERT INTO `video_collection` (`id`, `instruction_id`, `video_path`, `no_images`, `label_name`, `order_n`, `created_at`, `created_from`, `status`, `duration`) VALUES
(62, 94, '94_step_1.mp4', '637', '94_step_1', '1', '2018-09-12 06:16:09', '2018-09-12 06:16:25', 'Finished', '25'),
(63, 98, '98_step_1.mp4', '350', '98_step_1', '1', '2018-09-12 08:04:02', '2018-09-12 08:05:30', 'Finished', '14'),
(64, 98, '98_step_2.mp4', '259', '98_step_2', '2', '2018-09-12 08:04:09', '2018-09-12 08:31:11', 'Finished', '10');

--
-- Indexes for dumped tables
--

--
-- Indexes for table `admin`
--
ALTER TABLE `admin`
  ADD PRIMARY KEY (`id`),
  ADD UNIQUE KEY `access_token` (`access_token`),
  ADD UNIQUE KEY `username` (`username`);

--
-- Indexes for table `instruction_set`
--
ALTER TABLE `instruction_set`
  ADD PRIMARY KEY (`id`);

--
-- Indexes for table `train`
--
ALTER TABLE `train`
  ADD PRIMARY KEY (`id`);

--
-- Indexes for table `training_images`
--
ALTER TABLE `training_images`
  ADD PRIMARY KEY (`id`),
  ADD KEY `instruction_id` (`instruction_id`);

--
-- Indexes for table `video_collection`
--
ALTER TABLE `video_collection`
  ADD PRIMARY KEY (`id`),
  ADD KEY `instruction_id` (`instruction_id`);

--
-- AUTO_INCREMENT for dumped tables
--

--
-- AUTO_INCREMENT for table `admin`
--
ALTER TABLE `admin`
  MODIFY `id` int(11) NOT NULL AUTO_INCREMENT, AUTO_INCREMENT=4;
--
-- AUTO_INCREMENT for table `instruction_set`
--
ALTER TABLE `instruction_set`
  MODIFY `id` int(11) NOT NULL AUTO_INCREMENT, AUTO_INCREMENT=99;
--
-- AUTO_INCREMENT for table `train`
--
ALTER TABLE `train`
  MODIFY `id` int(11) NOT NULL AUTO_INCREMENT, AUTO_INCREMENT=99;
--
-- AUTO_INCREMENT for table `training_images`
--
ALTER TABLE `training_images`
  MODIFY `id` int(11) NOT NULL AUTO_INCREMENT, AUTO_INCREMENT=13173;
--
-- AUTO_INCREMENT for table `video_collection`
--
ALTER TABLE `video_collection`
  MODIFY `id` int(11) NOT NULL AUTO_INCREMENT, AUTO_INCREMENT=65;
--
-- Constraints for dumped tables
--

--
-- Constraints for table `training_images`
--
ALTER TABLE `training_images`
  ADD CONSTRAINT `training_images_ibfk_1` FOREIGN KEY (`instruction_id`) REFERENCES `instruction_set` (`id`);

--
-- Constraints for table `video_collection`
--
ALTER TABLE `video_collection`
  ADD CONSTRAINT `video_collection_ibfk_1` FOREIGN KEY (`instruction_id`) REFERENCES `instruction_set` (`id`);

/*!40101 SET CHARACTER_SET_CLIENT=@OLD_CHARACTER_SET_CLIENT */;
/*!40101 SET CHARACTER_SET_RESULTS=@OLD_CHARACTER_SET_RESULTS */;
/*!40101 SET COLLATION_CONNECTION=@OLD_COLLATION_CONNECTION */;
